session_id,label,device_class,event_rate,avg_time_gap,std_time_gap,burst_density,avg_packet_size,movement_speed,click_frequency,key_press_rate
synth_keyboard_0000,Keyboard,0,4.569155701958471,0.2239485543280768,0.06457615556090517,0.37209302325581395,0.0,0.0,0.0,4.569155701958471
synth_keyboard_0001,Keyboard,0,6.150970168909663,0.16511622916552565,0.0601553137007753,0.71875,0.0,0.0,0.0,6.056339858618745
synth_keyboard_0002,Keyboard,0,8.202137278552657,0.12540285460242007,0.047259483795921826,0.8857142857142857,0.0,161.819259753631,0.0,7.746462985299732
synth_keyboard_0003,Keyboard,0,3.4094002413517375,0.30123392805880655,0.13296567498984213,0.24324324324324326,0.0,670.0739477471676,0.0,3.2299581233858565
synth_keyboard_0004,Keyboard,0,4.004626431471915,0.25646013294916487,0.12428704157836626,0.32432432432432434,0.0,222.5818955686903,0.0,3.793856619289183
synth_keyboard_0005,Keyboard,0,7.046241139420252,0.14737808682871456,0.06040190782726954,0.8461538461538461,0.0,0.0,0.0,6.78526924536765
synth_keyboard_0006,Keyboard,0,3.8316610810213403,0.2754824952509094,0.1184341802530062,0.2222222222222222,0.0,59.64822546453743,0.0,3.428328335650673
synth_keyboard_0007,Keyboard,0,4.094585018328925,0.259489055726977,0.10719715489478347,0.3125,0.0,0.0,0.0,3.853727076074283
synth_keyboard_0008,Keyboard,0,6.840113520412261,0.14930696584157385,0.06376334389530439,0.7872340425531915,0.0,0.0,0.0,6.697611155403672
synth_keyboard_0009,Keyboard,0,4.612773420553819,0.23346541846700533,0.10580427750614892,0.38461538461538464,0.0,0.0,0.0,4.2832896047999744
synth_keyboard_0010,Keyboard,0,3.6194545761335197,0.2846569859162733,0.14106477837124276,0.2727272727272727,0.0,303.61916150362384,0.0,3.4065454834197832
synth_keyboard_0011,Keyboard,0,3.25176534871446,0.31777610698196507,0.15028730628008155,0.3333333333333333,0.0,0.0,0.0,3.1468696923043167
synth_keyboard_0012,Keyboard,0,6.670954515454276,0.1570418513860467,0.07212684813969049,0.7619047619047619,0.0,237.53487938612685,0.0,6.0645041049584325
synth_keyboard_0013,Keyboard,0,4.513780346864215,0.22597466460870383,0.10162285854943003,0.38,0.0,29.98638291435483,0.0,4.33676935286954
synth_keyboard_0014,Keyboard,0,5.31093266876056,0.19221357094921912,0.06918925907652929,0.6458333333333334,0.0,0.0,0.0,5.31093266876056
synth_keyboard_0015,Keyboard,0,4.721893271956507,0.21908219839794343,0.08130531105366288,0.41379310344827586,0.0,0.0,0.0,4.564496829557956
synth_keyboard_0016,Keyboard,0,5.673051146173088,0.1796618332831918,0.07325093610802794,0.6346153846153846,0.0,158.8784732787279,0.0,5.458973744430707
synth_keyboard_0017,Keyboard,0,3.2868199132081286,0.3276489449864434,0.06345210368600705,0.0,0.0,0.0,0.0,3.2868199132081286
synth_keyboard_0018,Keyboard,0,4.137182460958047,0.2488195225664525,0.09000865638095565,0.29411764705882354,0.0,0.0,0.0,4.018977247787817
synth_keyboard_0019,Keyboard,0,7.895130066790406,0.13038566255367182,0.040365792285681115,1.0,0.0,0.0,0.0,7.895130066790406
synth_keyboard_0020,Keyboard,0,8.11707818664372,0.12775989256127088,0.054004468003364475,0.8518518518518519,0.0,0.0,0.0,8.11707818664372
synth_keyboard_0021,Keyboard,0,3.5917457102790826,0.28955279239943493,0.11788288190498633,0.32,0.0,0.0,0.0,3.5917457102790826
synth_keyboard_0022,Keyboard,0,5.724762314834181,0.18013848318694264,0.07139132767556057,0.625,0.0,0.0,0.0,5.724762314834181
synth_keyboard_0023,Keyboard,0,3.733724460496541,0.28456840113442655,0.10832045363838277,0.25,0.0,0.0,0.0,3.733724460496541
synth_keyboard_0024,Keyboard,0,4.349459866744747,0.24268658359769205,0.14107739103169986,0.4444444444444444,0.0,0.0,0.0,4.1205409263897605
synth_keyboard_0025,Keyboard,0,4.857314426774901,0.22058044369591392,0.09273764569818789,0.35714285714285715,0.0,419.7049418495433,0.0,4.2096725032049145
synth_keyboard_0026,Keyboard,0,6.696477850835471,0.15152829665916742,0.059111076135872354,0.7941176470588235,0.0,7199.944931768683,0.0,6.502377043564878
synth_keyboard_0027,Keyboard,0,4.184874468818312,0.24578310203456774,0.12320374050715027,0.37142857142857144,0.0,79.14921666274999,0.0,3.95238144277285
synth_keyboard_0028,Keyboard,0,3.6002935216343617,0.28701363572830285,0.12892762958416393,0.23333333333333334,0.0,0.0,0.0,3.484155020936479
synth_keyboard_0029,Keyboard,0,5.9454643729138335,0.17262163644430242,0.07709289856298424,0.631578947368421,0.0,529.8653557692595,0.0,5.640568764046457
synth_keyboard_0030,Keyboard,0,4.100698187741328,0.262619443718741,0.11958157829191954,0.23076923076923078,0.0,0.0,0.0,4.100698187741328
synth_keyboard_0031,Keyboard,0,3.531011528072257,0.2926451316055255,0.12759242174807947,0.26666666666666666,0.0,0.0,0.0,3.4171079303925067
synth_keyboard_0032,Keyboard,0,3.438215433388942,0.2989276843437147,0.12819374524532345,0.2222222222222222,0.0,0.0,0.0,3.3452906919459977
synth_keyboard_0033,Keyboard,0,6.280433012572083,0.16196994335805276,0.0695859288817452,0.6896551724137931,0.0,0.0,0.0,6.280433012572083
synth_keyboard_0034,Keyboard,0,5.212920506642462,0.19639845313293283,0.09265334780967634,0.5,0.0,154.44324702200203,0.0,4.970459087728859
synth_keyboard_0035,Keyboard,0,7.233241693404356,0.14271029619505116,0.06598003091697173,0.8387096774193549,0.0,0.0,0.0,7.233241693404356
synth_keyboard_0036,Keyboard,0,4.9748130243745,0.20520034186846373,0.075835875201157,0.4166666666666667,0.0,10.992907419853388,0.0,4.771759431542887
synth_keyboard_0037,Keyboard,0,3.9447322970568925,0.2607455591698404,0.10808191867726587,0.2571428571428571,0.0,0.0,0.0,3.835156399916423
synth_keyboard_0038,Keyboard,0,3.016992208535252,0.3551313683865128,0.15211786322919726,0.07142857142857142,0.0,0.0,0.0,2.815859394632902
synth_keyboard_0039,Keyboard,0,7.677734275218302,0.13210742621811758,0.05185189483892984,0.8857142857142857,0.0,0.0,0.0,7.677734275218302
synth_keyboard_0040,Keyboard,0,5.352096057058057,0.19233805853472105,0.08041843729879086,0.47058823529411764,0.0,165.44089596484497,0.0,5.0462619966547395
synth_keyboard_0041,Keyboard,0,2.9689004652537214,0.35455266731463525,0.1728686500064178,0.15789473684210525,0.0,0.0,0.0,2.9689004652537214
synth_keyboard_0042,Keyboard,0,6.040170018510255,0.17126715894593872,0.0747849988657463,0.5517241379310345,0.0,0.0,0.0,6.040170018510255
synth_keyboard_0043,Keyboard,0,8.460892184518324,0.119981615769674,0.04988267265247238,0.9242424242424242,0.0,588.3489976013882,0.0,8.208328238711806
synth_keyboard_0044,Keyboard,0,3.0133252480306334,0.35556353305332916,0.08299171651915926,0.0,0.0,0.0,0.0,3.0133252480306334
synth_keyboard_0045,Keyboard,0,7.46319540959014,0.13577740869965815,0.059028888915648864,0.8133333333333334,0.0,182.8049098033918,0.0,7.2667955303904
synth_keyboard_0046,Keyboard,0,5.2366855677793795,0.19585690459470328,0.08016933360130071,0.5897435897435898,0.0,0.0,0.0,5.105768428584896
synth_keyboard_0047,Keyboard,0,3.584156260719318,0.2916877695630182,0.10334287243923983,0.18181818181818182,0.0,0.0,0.0,3.584156260719318
synth_keyboard_0048,Keyboard,0,5.578028334972599,0.18617000059872227,0.08696784486921878,0.5769230769230769,0.0,478.36557646738316,0.0,5.164841050900554
synth_keyboard_0049,Keyboard,0,3.7733361876556417,0.27706371589012374,0.10764307930993865,0.18181818181818182,0.0,0.0,0.0,3.609278092540179
synth_keyboard_0050,Keyboard,0,3.9028478220825935,0.26204641311931465,0.1112043691229638,0.3409090909090909,0.0,0.0,0.0,3.9028478220825935
synth_keyboard_0051,Keyboard,0,5.472539064073497,0.18718737900427737,0.08542064987490833,0.5365853658536586,0.0,0.0,0.0,5.342240514928889
synth_keyboard_0052,Keyboard,0,3.006510181470677,0.36032917500495726,0.1388363069761668,0.08333333333333333,0.0,0.0,0.0,3.006510181470677
synth_keyboard_0053,Keyboard,0,4.521961537339822,0.22746133952667724,0.09110027049361599,0.37142857142857144,0.0,0.0,0.0,4.521961537339822
synth_keyboard_0054,Keyboard,0,5.117873337047874,0.20237200444505593,0.08205343847141555,0.5,0.0,0.0,0.0,4.941394946115189
synth_keyboard_0055,Keyboard,0,2.9580055524446314,0.3534322457882251,0.12887812654226372,0.09090909090909091,0.0,0.0,0.0,2.8293966153818215
synth_keyboard_0056,Keyboard,0,7.266781870146327,0.14311699712255957,0.05962369260432422,0.84,0.0,0.0,0.0,6.987290259756084
synth_keyboard_0057,Keyboard,0,6.113191015222099,0.16713679122582786,0.07198781013062866,0.6086956521739131,0.0,82.39697959521762,0.0,5.853055227340307
synth_keyboard_0058,Keyboard,0,3.4216566300656908,0.31313152874957,0.14268506936655478,0.21428571428571427,0.0,0.0,0.0,3.4216566300656908
synth_keyboard_0059,Keyboard,0,4.015560435835575,0.2603508432159863,0.11008243794801756,0.36363636363636365,0.0,0.0,0.0,3.8409708516688115
synth_keyboard_0060,Keyboard,0,3.2241513219489324,0.32123625174274334,0.11730922242360657,0.10714285714285714,0.0,0.0,0.0,3.11297369015759
synth_keyboard_0061,Keyboard,0,6.738010187667348,0.15622291294157006,0.04768688473367758,0.7368421052631579,0.0,0.0,0.0,6.401109678283981
synth_keyboard_0062,Keyboard,0,3.2619545172667697,0.3155812747408994,0.12423538071895161,0.20588235294117646,0.0,114.12327159289377,0.0,3.075557116280097
synth_keyboard_0063,Keyboard,0,4.306697328138323,0.2444173571404412,0.12315014681105582,0.3157894736842105,0.0,0.0,0.0,4.306697328138323
synth_keyboard_0064,Keyboard,0,6.2681140702251525,0.16219658022754327,0.05223602679569693,0.7833333333333333,0.0,0.0,0.0,6.2681140702251525
synth_keyboard_0065,Keyboard,0,4.607292550141134,0.2230763005805425,0.0923443672608419,0.4166666666666667,0.0,0.0,0.0,4.607292550141134
synth_keyboard_0066,Keyboard,0,3.2943634322133706,0.31198069032937537,0.13516706396245878,0.2777777777777778,0.0,0.0,0.0,3.20532658269409
synth_keyboard_0067,Keyboard,0,4.524635120346958,0.2320629116098723,0.05654035017970011,0.2,0.0,0.0,0.0,4.524635120346958
synth_keyboard_0068,Keyboard,0,5.3371601523688765,0.1943050250378476,0.08280095626032963,0.5185185185185185,0.0,0.0,0.0,5.3371601523688765
synth_keyboard_0069,Keyboard,0,4.805410392466624,0.21188238569134657,0.09126737461213145,0.4727272727272727,0.0,0.0,0.0,4.719599492601149
synth_keyboard_0070,Keyboard,0,5.815427007689384,0.17768829906505917,0.09187187676902878,0.6333333333333333,0.0,0.0,0.0,5.815427007689384
synth_keyboard_0071,Keyboard,0,4.370229881012106,0.2357548820897315,0.10537272905641336,0.3939393939393939,0.0,100.47306203077669,0.0,4.113157535070218
synth_keyboard_0072,Keyboard,0,7.151877006391548,0.1428630735010776,0.05580272470445005,0.8695652173913043,0.0,740.173782797207,0.0,6.847541814630206
synth_keyboard_0073,Keyboard,0,4.887059188787238,0.20949398897368177,0.08063204324916035,0.40476190476190477,0.0,199.16815200660363,0.0,4.659754110238994
synth_keyboard_0074,Keyboard,0,3.2628234886917764,0.34053669006674014,0.11400560467329252,0.1111111111111111,0.0,0.0,0.0,2.936541139822599
synth_keyboard_0075,Keyboard,0,3.474850023217119,0.30292863631933414,0.12845984854702067,0.21052631578947367,0.0,0.0,0.0,3.301107522056263
synth_keyboard_0076,Keyboard,0,3.565864120972643,0.2921218059151779,0.15305561459703396,0.2916666666666667,0.0,424.9505916986189,0.0,3.2805949912948313
synth_keyboard_0077,Keyboard,0,8.065399504515282,0.125517115233486,0.04586808998954933,0.9259259259259259,0.0,0.0,0.0,8.065399504515282
synth_keyboard_0078,Keyboard,0,7.26236915921037,0.1394614471692094,0.06042490554483006,0.8333333333333334,0.0,0.0,0.0,7.26236915921037
synth_keyboard_0079,Keyboard,0,4.037202590427014,0.2724658907651333,0.08859643629936269,0.3,0.0,0.0,0.0,4.037202590427014
synth_keyboard_0080,Keyboard,0,4.1431212178981704,0.24684946902087218,0.10658051475432209,0.4318181818181818,0.0,0.0,0.0,4.0510518575004335
synth_keyboard_0081,Keyboard,0,6.958901665179795,0.1467583025141503,0.05353450175548013,0.8723404255319149,0.0,0.0,0.0,6.813924547155216
synth_keyboard_0082,Keyboard,0,9.786478380686576,0.10527822064536649,0.049707081303418346,0.9696969696969697,0.0,598.6812443146393,0.0,9.21080318182266
synth_keyboard_0083,Keyboard,0,6.509054190766838,0.15720499230210552,0.05988369874702559,0.7906976744186046,0.0,0.0,0.0,6.509054190766838
synth_keyboard_0084,Keyboard,0,5.641289672126301,0.182188442273412,0.07958009256968804,0.5833333333333334,0.0,455.2003319998498,0.0,5.336355095254609
synth_keyboard_0085,Keyboard,0,4.251464423335692,0.24213110171064478,0.10679998423811157,0.29411764705882354,0.0,0.0,0.0,4.251464423335692
synth_keyboard_0086,Keyboard,0,7.079639417513147,0.14308454897874492,0.05299882209947922,0.8311688311688312,0.0,0.0,0.0,7.079639417513147
synth_keyboard_0087,Keyboard,0,7.067101814838855,0.14349368858857695,0.058583614994257335,0.8028169014084507,0.0,0.0,0.0,7.067101814838855
synth_keyboard_0088,Keyboard,0,6.776375448380929,0.15398766919251533,0.03557715177814262,0.8695652173913043,0.0,0.0,0.0,6.776375448380929
synth_keyboard_0089,Keyboard,0,3.4963782740615015,0.30801103098953014,0.13214142645903865,0.15384615384615385,0.0,0.0,0.0,3.4963782740615015
synth_keyboard_0090,Keyboard,0,5.470934208806682,0.18713614251867175,0.06906061020730879,0.5952380952380952,0.0,0.0,0.0,5.343703180694899
synth_keyboard_0091,Keyboard,0,4.81739052280477,0.214500636483942,0.09017762099852902,0.43333333333333335,0.0,0.0,0.0,4.661990828520745
synth_keyboard_0092,Keyboard,0,5.427809956994382,0.18764815396788817,0.0698927125236919,0.5740740740740741,0.0,0.0,0.0,5.329122503230848
synth_keyboard_0093,Keyboard,0,5.410252710749156,0.1879148204383764,0.07558112384578394,0.6,0.0,0.0,0.0,5.321560043359826
synth_keyboard_0094,Keyboard,0,3.1644590395624554,0.32865016958595206,0.12989014105522517,0.12,0.0,0.0,0.0,3.042749076502361
synth_keyboard_0095,Keyboard,0,4.487132646707461,0.2400025053222562,0.1005231422966832,0.3076923076923077,0.0,2476.523853647238,0.0,3.846113697177824
synth_keyboard_0096,Keyboard,0,3.8370784574269416,0.27690338151503124,0.10666294561524435,0.25,0.0,0.0,0.0,3.8370784574269416
synth_keyboard_0097,Keyboard,0,5.400707791946898,0.18901843474211252,0.07055396139043657,0.5,0.0,124.42108786800196,0.0,5.180270739214372
synth_keyboard_0098,Keyboard,0,8.201534434403124,0.12513704571775974,0.054038189108379986,0.868421052631579,0.0,0.0,0.0,7.991238679674838
synth_keyboard_0099,Keyboard,0,4.819045620307329,0.21361320182734292,0.11644538159968264,0.4411764705882353,0.0,125.37486088641502,0.0,4.543671584861196
synth_keyboard_0100,Keyboard,0,6.832043121016021,0.14862093189388614,0.06135369326100595,0.7538461538461538,0.0,198.28867774685108,0.0,6.625011511288263
synth_keyboard_0101,Keyboard,0,6.162861167678459,0.16612568350216322,0.06314679269098239,0.7619047619047619,0.0,95.26241183308133,0.0,5.876216462205043
synth_keyboard_0102,Keyboard,0,7.875713795218523,0.13274410074287593,0.09127891806024689,0.6363636363636364,0.0,606.0543789377394,0.0,7.190869117373435
synth_keyboard_0103,Keyboard,0,4.8228884501373255,0.21125678834626394,0.08173597485437471,0.37735849056603776,0.0,0.0,0.0,4.733575701060708
synth_keyboard_0104,Keyboard,0,4.235219396178744,0.24113900608458083,0.1023591678542632,0.3617021276595745,0.0,0.0,0.0,4.235219396178744
synth_keyboard_0105,Keyboard,0,3.9723669500767245,0.27462445051508155,0.15941199087001706,0.45454545454545453,0.0,2115.911031260463,0.0,3.310305791730604
synth_keyboard_0106,Keyboard,0,6.417900594088481,0.15912938830579226,0.06304317031460946,0.723404255319149,0.0,0.0,0.0,6.417900594088481
synth_keyboard_0107,Keyboard,0,3.7569634659495676,0.2747586112752436,0.10228798502755525,0.2903225806451613,0.0,0.0,0.0,3.6395583576386437
synth_keyboard_0108,Keyboard,0,4.239472618317304,0.24531353157147834,0.11476569322944107,0.36,0.0,0.0,0.0,4.239472618317304
synth_keyboard_0109,Keyboard,0,5.387155755457241,0.1927661990113367,0.08262284006201151,0.5769230769230769,0.0,0.0,0.0,5.387155755457241
synth_keyboard_0110,Keyboard,0,6.6845799485375395,0.15707793280708987,0.06881168439151943,0.7,0.0,296.1866905307339,0.0,6.04795328677206
synth_keyboard_0111,Keyboard,0,5.255970273324254,0.19853199439988353,0.10356138821968323,0.43478260869565216,0.0,291.6694083286055,0.0,4.817972750547233
synth_keyboard_0112,Keyboard,0,5.99219176537607,0.17244663952580985,0.05297283575611087,0.6666666666666666,0.0,86.6738000562635,0.0,5.605598748255034
synth_keyboard_0113,Keyboard,0,4.145403943953788,0.24954932561626902,0.11392467807855457,0.3448275862068966,0.0,0.0,0.0,4.145403943953788
synth_keyboard_0114,Keyboard,0,7.011379785049405,0.1443860851998067,0.05107001985494959,0.8765432098765432,0.0,0.0,0.0,7.011379785049405
synth_keyboard_0115,Keyboard,0,3.9976982410395916,0.2594085332382061,0.11783211544714592,0.3333333333333333,0.0,0.0,0.0,3.8549233038596062
synth_keyboard_0116,Keyboard,0,3.8619950973506567,0.27188020013808506,0.12503496443336573,0.3,0.0,0.0,0.0,3.8619950973506567
synth_keyboard_0117,Keyboard,0,3.591582570462489,0.2877097527512143,0.12657755211280497,0.23333333333333334,0.0,205.9649977569222,0.0,3.359867565916522
synth_keyboard_0118,Keyboard,0,6.204347671965259,0.16475901678450397,0.06583306882424682,0.6888888888888889,0.0,0.0,0.0,6.204347671965259
synth_keyboard_0119,Keyboard,0,4.119578979554356,0.24826014449610295,0.09430082029511518,0.3409090909090909,0.0,0.0,0.0,4.0280327800087035
synth_keyboard_0120,Keyboard,0,3.237326083683061,0.3223272027272627,0.1477742910837837,0.17391304347826086,0.0,397.9126384562104,0.0,2.967548910042806
synth_keyboard_0121,Keyboard,0,3.9526543520426336,0.25948158738216,0.10224208872130819,0.3076923076923077,0.0,0.0,0.0,3.9526543520426336
synth_keyboard_0122,Keyboard,0,5.782657319425449,0.17869523927383663,0.06765330718227873,0.6,0.0,0.0,0.0,5.782657319425449
synth_keyboard_0123,Keyboard,0,4.771702420863457,0.21367800277720445,0.06515531214250316,0.39215686274509803,0.0,0.0,0.0,4.771702420863457
synth_keyboard_0124,Keyboard,0,6.860776355870669,0.15304390429539796,0.04239308571069103,0.8,0.0,0.0,0.0,6.860776355870669
synth_keyboard_0125,Keyboard,0,6.625139805919934,0.1539590151876603,0.0610049638684486,0.74,0.0,0.0,0.0,6.625139805919934
synth_keyboard_0126,Keyboard,0,3.685597289780458,0.2894148716747633,0.09437980929808217,0.06666666666666667,0.0,0.0,0.0,3.455247459169179
synth_keyboard_0127,Keyboard,0,4.687420915415933,0.22400377925241854,0.11775578077264236,0.4,0.0,1400.7892629485573,0.0,4.24099987585251
synth_keyboard_0128,Keyboard,0,6.531615382522221,0.1592255420891605,0.05555837839352477,0.76,0.0,0.0,0.0,6.531615382522221
synth_keyboard_0129,Keyboard,0,7.145301214022765,0.14186926481805792,0.06165356422513985,0.8082191780821918,0.0,699.4546024593851,0.0,6.952184964995122
synth_keyboard_0130,Keyboard,0,4.1622110325162955,0.2574181277831152,0.10373521787018872,0.21428571428571427,0.0,0.0,0.0,4.1622110325162955
synth_keyboard_0131,Keyboard,0,7.095808741191786,0.14413117799952133,0.05373788940183045,0.8636363636363636,0.0,400.814336620071,0.0,6.780439463805484
synth_keyboard_0132,Keyboard,0,5.185104825883958,0.19643161569927978,0.08636096456305273,0.5,0.0,0.0,0.0,5.0908301926860675
synth_keyboard_0133,Keyboard,0,6.695768403624295,0.15681545966130708,0.0813520729006079,0.75,0.0,2565.7073021557276,0.0,6.058076174707695
synth_keyboard_0134,Keyboard,0,3.5737991902771444,0.2931387556606967,0.12016565353775734,0.23809523809523808,0.0,0.0,0.0,3.5737991902771444
synth_keyboard_0135,Keyboard,0,5.808029424339792,0.18037426656772354,0.0818778750289213,0.6666666666666666,0.0,0.0,0.0,5.544028086869802
synth_keyboard_0136,Keyboard,0,4.0881771620798535,0.2500435234812985,0.10659310030847777,0.3333333333333333,0.0,161.9066031971684,0.0,3.9104303289459468
synth_keyboard_0137,Keyboard,0,3.50824320048257,0.29861642644242686,0.14711009546062123,0.3333333333333333,0.0,300.3573119876293,0.0,3.1893120004387
synth_keyboard_0138,Keyboard,0,3.870432869505997,0.2745170981703688,0.14197132665550208,0.25,0.0,0.0,0.0,3.6427603477703503
synth_keyboard_0139,Keyboard,0,5.34568128388771,0.19426177568639202,0.07015486247319579,0.5384615384615384,0.0,0.0,0.0,5.34568128388771
synth_keyboard_0140,Keyboard,0,5.105766446556211,0.20217494774215083,0.08819017591573422,0.5161290322580645,0.0,2480.0478246715916,0.0,4.786656043646447
synth_keyboard_0141,Keyboard,0,7.1179235095948945,0.14375762995684752,0.06737361643392621,0.7906976744186046,0.0,220.57274422369008,0.0,6.794381531886036
synth_keyboard_0142,Keyboard,0,4.673198683280586,0.22524862525391728,0.09758877187177979,0.42105263157894735,0.0,709.4415365304378,0.0,4.205878814952528
synth_keyboard_0143,Keyboard,0,3.2735124354060785,0.3394247411720243,0.15637981895381922,0.2222222222222222,0.0,0.0,0.0,3.2735124354060785
synth_keyboard_0144,Keyboard,0,4.283115176288176,0.2490399213572069,0.07563585883349953,0.2,0.0,0.0,0.0,4.283115176288176
synth_keyboard_0145,Keyboard,0,3.262787264435676,0.31670263783258207,0.11655794774456846,0.2,0.0,0.0,0.0,3.262787264435676
synth_keyboard_0146,Keyboard,0,6.535120156528557,0.15570392514246292,0.05107634820685511,0.8771929824561403,0.0,0.0,0.0,6.535120156528557
synth_keyboard_0147,Keyboard,0,6.456158906152126,0.16193135278289436,0.07978901542044188,0.7727272727272727,0.0,0.0,0.0,6.1754563450150775
synth_keyboard_0148,Keyboard,0,4.004196847167427,0.2628820757630837,0.10780312153184349,0.2631578947368421,0.0,0.0,0.0,4.004196847167427
synth_keyboard_0149,Keyboard,0,3.742464799766103,0.27506251088058825,0.09388792623312366,0.23529411764705882,0.0,0.0,0.0,3.6355372340585004
synth_keyboard_0150,Keyboard,0,3.115048404544224,0.334979790152648,0.1306725315152264,0.17391304347826086,0.0,0.0,0.0,2.985254721021548
synth_keyboard_0151,Keyboard,0,3.9538780589944236,0.26441244010454695,0.06514763639924918,0.09090909090909091,0.0,500.0852062192344,0.0,3.6100625756036044
synth_keyboard_0152,Keyboard,0,4.625281076614616,0.2213507691426358,0.1031656034536263,0.40476190476190477,0.0,16.726232267898958,0.0,4.410151724213936
synth_keyboard_0153,Keyboard,0,3.467773535429231,0.29738101103316567,0.13890735196459664,0.3125,0.0,270.17948335956356,0.0,3.2576054423729137
synth_keyboard_0154,Keyboard,0,3.6366077336811817,0.30553504597714226,0.09108536712587734,0.1111111111111111,0.0,0.0,0.0,3.272946960313064
synth_keyboard_0155,Keyboard,0,5.684434620682408,0.1792382167298088,0.07681645245412702,0.5660377358490566,0.0,368.3915478809913,0.0,5.473900005101578
synth_keyboard_0156,Keyboard,0,4.213204583968269,0.2445414196650817,0.1114809420374063,0.30303030303030304,0.0,0.0,0.0,4.089286802086849
synth_keyboard_0157,Keyboard,0,6.161515779167774,0.16625620717647527,0.08067347763721013,0.6585365853658537,0.0,0.0,0.0,6.014813022520923
synth_keyboard_0158,Keyboard,0,3.9814721495933902,0.260823509356355,0.1274535721812262,0.3076923076923077,0.0,723.5991976138456,0.0,3.6865482866605466
synth_keyboard_0159,Keyboard,0,5.849973813706875,0.1755609614218503,0.09110430581324623,0.5945945945945946,0.0,0.0,0.0,5.849973813706875
synth_keyboard_0160,Keyboard,0,2.790040429725153,0.373351817976803,0.17028121529330814,0.20833333333333334,0.0,0.0,0.0,2.678438812536147
synth_keyboard_0161,Keyboard,0,3.6829115010418096,0.2858150619827827,0.09307032160308572,0.2631578947368421,0.0,0.0,0.0,3.6829115010418096
synth_keyboard_0162,Keyboard,0,4.411111527306205,0.24181357919963153,0.14082883102314364,0.4,0.0,2029.3401305917614,0.0,3.8597225863929294
synth_keyboard_0163,Keyboard,0,3.6571948190311176,0.2944669699626176,0.14505786432618192,0.23076923076923078,0.0,0.0,0.0,3.395966617671752
synth_keyboard_0164,Keyboard,0,4.34371536971679,0.2532394290079186,0.10973458903861552,0.3,0.0,0.0,0.0,3.948832154287991
synth_keyboard_0165,Keyboard,0,4.21450600787789,0.24425443047931897,0.10029908633736616,0.3235294117647059,0.0,233.1645417198806,0.0,3.973677093142011
synth_keyboard_0166,Keyboard,0,4.417892633945905,0.24521495271507732,0.09032471701415479,0.25,0.0,0.0,0.0,4.078054739026989
synth_keyboard_0167,Keyboard,0,4.354738072448603,0.2400728879812287,0.11910695089361598,0.4090909090909091,0.0,0.0,0.0,4.165401634516055
synth_keyboard_0168,Keyboard,0,6.069239452331343,0.1676559093838783,0.06237475203317995,0.7192982456140351,0.0,0.0,0.0,5.964597392808389
synth_keyboard_0169,Keyboard,0,4.435411279431218,0.24156239499079055,0.13527641039949365,0.35714285714285715,0.0,161.65639009439798,0.0,3.8440231088403887
synth_keyboard_0170,Keyboard,0,6.832291945765137,0.1498486206292915,0.07213103569171465,0.7619047619047619,0.0,0.0,0.0,6.673401435398506
synth_keyboard_0171,Keyboard,0,5.364078866014241,0.1920745492447603,0.0959718250748217,0.6060606060606061,0.0,150.74135644067917,0.0,5.048544815072226
synth_keyboard_0172,Keyboard,0,4.812881725701131,0.22162744223914552,0.09121222091451382,0.2,0.0,0.0,0.0,4.812881725701131
synth_keyboard_0173,Keyboard,0,5.148119907421272,0.20171665717508722,0.10578414926043878,0.5769230769230769,0.0,247.5353101288085,0.0,4.766777692056733
synth_keyboard_0174,Keyboard,0,5.219992099089278,0.19548078692366888,0.08490228906572889,0.5306122448979592,0.0,119.03887423105408,0.0,5.011192415125707
synth_keyboard_0175,Keyboard,0,3.5117330679534,0.29662467121219405,0.13755885358072492,0.20833333333333334,0.0,191.4379405691983,0.0,3.230794422517128
synth_keyboard_0176,Keyboard,0,6.234769313067532,0.165403072386109,0.0829593330525566,0.71875,0.0,0.0,0.0,6.045836909641243
synth_keyboard_0177,Keyboard,0,5.877203719220901,0.17563761847155573,0.08653848515268776,0.5483870967741935,0.0,0.0,0.0,5.6935411029952485
synth_keyboard_0178,Keyboard,0,5.095363102024717,0.20326604109974603,0.09191156607875901,0.5714285714285714,0.0,210.10234724600974,0.0,4.743958750160944
synth_keyboard_0179,Keyboard,0,4.355379862674532,0.24310704526276772,0.11753495657661317,0.47058823529411764,0.0,0.0,0.0,4.355379862674532
synth_keyboard_0180,Keyboard,0,5.993673018892576,0.1744263562859005,0.06363342886346919,0.6818181818181818,0.0,0.0,0.0,5.993673018892576
synth_keyboard_0181,Keyboard,0,7.309628759523879,0.13933929506221063,0.05938954164116861,0.8518518518518519,0.0,129.92628832875636,0.0,7.043824077359375
synth_keyboard_0182,Keyboard,0,5.693539747875307,0.17851696618123103,0.08441301772292699,0.5901639344262295,0.0,0.0,0.0,5.601708461619253
synth_keyboard_0183,Keyboard,0,3.55808068399122,0.29229241615549784,0.12000266061795042,0.2,0.0,0.0,0.0,3.4212314269146344
synth_keyboard_0184,Keyboard,0,8.200341952862384,0.12420439591095317,0.05006235158630294,0.9444444444444444,0.0,0.0,0.0,8.051244826446704
synth_keyboard_0185,Keyboard,0,6.72166977499611,0.15142920984358113,0.04504963541430821,0.8571428571428571,0.0,0.0,0.0,6.603745743855828
synth_keyboard_0186,Keyboard,0,4.182644524859248,0.24611504960262512,0.1150079690848984,0.23529411764705882,0.0,0.0,0.0,4.063140395577555
synth_keyboard_0187,Keyboard,0,4.065408820768173,0.2513250635988244,0.1024397973926451,0.3695652173913043,0.0,0.0,0.0,3.978910760751829
synth_keyboard_0188,Keyboard,0,3.540522222696562,0.292183664881165,0.11863062302732882,0.20689655172413793,0.0,1452.0881593716006,0.0,3.3044874078501243
synth_keyboard_0189,Keyboard,0,6.4033374863259525,0.15843187334567221,0.06082040156237752,0.6956521739130435,0.0,0.0,0.0,6.4033374863259525
synth_keyboard_0190,Keyboard,0,3.05876923587933,0.3400060350420722,0.1687582339519363,0.2,0.0,1202.9469702698539,0.0,2.8234792946578433
synth_keyboard_0191,Keyboard,0,2.972808592462357,0.3472332753388325,0.13760077581917035,0.0967741935483871,0.0,88.1652308328791,0.0,2.7870080554334598
synth_keyboard_0192,Keyboard,0,4.079285101935956,0.25071237904943305,0.11150667762878948,0.3181818181818182,0.0,0.0,0.0,3.9886343218929348
synth_keyboard_0193,Keyboard,0,5.442945569039076,0.18668734040591492,0.08203760078984394,0.5806451612903226,0.0,58.75001477107726,0.0,5.27015364621244
synth_keyboard_0194,Keyboard,0,8.093757153530083,0.12522163616824986,0.05638115335307461,0.8918918918918919,0.0,306.1525994468172,0.0,7.877923629435947
synth_keyboard_0195,Keyboard,0,3.323382740433172,0.3134356611994967,0.1090154777831653,0.041666666666666664,0.0,175.94233041045356,0.0,3.0575121211985183
synth_keyboard_0196,Keyboard,0,3.350469046018661,0.3075100877375161,0.1233651368260095,0.15151515151515152,0.0,0.0,0.0,3.350469046018661
synth_keyboard_0197,Keyboard,0,7.675398056885828,0.13411835543595899,0.05218818679180652,0.9117647058823529,0.0,0.0,0.0,7.675398056885828
synth_keyboard_0198,Keyboard,0,3.8716697597945173,0.26458616242021815,0.0991122051717255,0.24390243902439024,0.0,0.0,0.0,3.779487146466076
synth_keyboard_0199,Keyboard,0,3.78484071567339,0.27399753779401254,0.13706911114208242,0.2962962962962963,0.0,0.0,0.0,3.649667832970769
synth_keyboard_0200,Keyboard,0,3.834612971600493,0.2825143870728552,0.10418345398969231,0.08333333333333333,0.0,429.8586716454718,0.0,3.244672514431186
synth_keyboard_0201,Keyboard,0,4.308422296101567,0.2380548969327048,0.10387190422356739,0.358974358974359,0.0,0.0,0.0,4.308422296101567
synth_keyboard_0202,Keyboard,0,4.5023382160427525,0.22904765268976132,0.08910869668511108,0.40625,0.0,0.0,0.0,4.365903724647517
synth_keyboard_0203,Keyboard,0,4.4686177369114635,0.2282585040950459,0.10445977062809239,0.46,0.0,0.0,0.0,4.4686177369114635
synth_keyboard_0204,Keyboard,0,4.566386895233625,0.22543244545931443,0.0871714824842405,0.3235294117647059,0.0,277.1460314414848,0.0,4.305450501220275
synth_keyboard_0205,Keyboard,0,7.792567015017322,0.1317044547061111,0.04850162457221372,0.9473684210526315,0.0,308.1572895734557,0.0,7.392948193734382
synth_keyboard_0206,Keyboard,0,4.440131324283583,0.2303371675368836,0.10609435252547655,0.3409090909090909,0.0,0.0,0.0,4.341461739299503
synth_keyboard_0207,Keyboard,0,3.840142373038853,0.2685447308517189,0.11977577697794597,0.3125,0.0,116.3793195277255,0.0,3.607406471642559
synth_keyboard_0208,Keyboard,0,8.064956222076432,0.1253557965040904,0.053795003782806806,0.9120879120879121,0.0,0.0,0.0,7.977293654445166
synth_keyboard_0209,Keyboard,0,3.537115047483811,0.29449612259789926,0.10989807092625081,0.20833333333333334,0.0,0.0,0.0,3.537115047483811
synth_keyboard_0210,Keyboard,0,7.239570141897845,0.14289284285454842,0.05593832236150522,0.9310344827586207,0.0,847.3387399939202,0.0,6.7569321324379885
synth_keyboard_0211,Keyboard,0,4.6211053206102655,0.22258125647644728,0.07795936829390522,0.3142857142857143,0.0,0.0,0.0,4.492741283926646
synth_keyboard_0212,Keyboard,0,4.868403900446958,0.2104160346696772,0.10042415537230263,0.43902439024390244,0.0,1081.2182676232733,0.0,4.636575143282817
synth_keyboard_0213,Keyboard,0,3.5842162983700256,0.3069011210345316,0.10322264090428526,0.1,0.0,0.0,0.0,3.5842162983700256
synth_keyboard_0214,Keyboard,0,8.015978685313954,0.1274051037106371,0.04705835833787406,0.9574468085106383,0.0,0.0,0.0,8.015978685313954
synth_keyboard_0215,Keyboard,0,4.09479706200747,0.25184398259151597,0.10118359398422419,0.34375,0.0,0.0,0.0,4.09479706200747
synth_keyboard_0216,Keyboard,0,4.008856471946343,0.2743924627129237,0.11526038456572707,0.2,0.0,0.0,0.0,3.644414974496675
synth_keyboard_0217,Keyboard,0,5.29101123055972,0.20011742241185057,0.09327598139837953,0.47058823529411764,0.0,0.0,0.0,4.997066162195291
synth_keyboard_0218,Keyboard,0,6.453073868467671,0.16116350458683892,0.060652261048040626,0.8,0.0,0.0,0.0,6.204878719680453
synth_keyboard_0219,Keyboard,0,3.917689810222155,0.26376088546804516,0.11960380826002148,0.3333333333333333,0.0,0.0,0.0,3.7913127195698273
synth_keyboard_0220,Keyboard,0,6.750383683946534,0.15225472001272958,0.06180927567476601,0.75,0.0,0.0,0.0,6.750383683946534
synth_keyboard_0221,Keyboard,0,3.4530782581637873,0.29864657644578807,0.12721195215200795,0.3125,0.0,0.0,0.0,3.3484395230679147
synth_keyboard_0222,Keyboard,0,5.338818208355224,0.1909800640039726,0.06240201603014401,0.5490196078431373,0.0,0.0,0.0,5.338818208355224
synth_keyboard_0223,Keyboard,0,7.339328777705733,0.14129862122912196,0.06216108528751975,0.8148148148148148,0.0,2790.3862713227527,0.0,6.81509100786961
synth_keyboard_0224,Keyboard,0,2.7243800188146645,0.38540878759521907,0.12704745812585408,0.05,0.0,0.0,0.0,2.7243800188146645
synth_keyboard_0225,Keyboard,0,6.255315626859578,0.16470840030501935,0.07286864395456108,0.7878787878787878,0.0,0.0,0.0,6.071335755481355
synth_keyboard_0226,Keyboard,0,6.844197800891692,0.1505367115732391,0.08105981678003954,0.696969696969697,0.0,143.22978323129473,0.0,6.441597930251005
synth_keyboard_0227,Keyboard,0,6.752949414889997,0.15068139817625129,0.06347485019428664,0.8245614035087719,0.0,0.0,0.0,6.636519252564308
synth_keyboard_0228,Keyboard,0,3.7354083910008207,0.28444011705914873,0.1616111476330739,0.375,0.0,0.0,0.0,3.515678485647831
synth_keyboard_0229,Keyboard,0,7.0836441942937896,0.142913118056923,0.0600566820944184,0.7901234567901234,0.0,173.2878310433646,0.0,6.9108723846768685
synth_keyboard_0230,Keyboard,0,3.4447171663743466,0.3225551061077632,0.1431228249255317,0.1111111111111111,0.0,0.0,0.0,3.4447171663743466
synth_keyboard_0231,Keyboard,0,7.305718111698749,0.14194867926486449,0.05307595016841844,0.8518518518518519,0.0,0.0,0.0,7.305718111698749
synth_keyboard_0232,Keyboard,0,2.951217976269449,0.3670800808494479,0.17542026009196535,0.25,0.0,0.0,0.0,2.951217976269449
synth_keyboard_0233,Keyboard,0,5.409348591490676,0.18856244568977104,0.06777767067024548,0.6,0.0,0.0,0.0,5.409348591490676
synth_keyboard_0234,Keyboard,0,4.926815810270251,0.20719941086600868,0.07789120234411563,0.4583333333333333,0.0,3284.9706538562323,0.0,4.725721287402078
synth_keyboard_0235,Keyboard,0,4.343373513190303,0.249422097833258,0.13352512951053191,0.4166666666666667,0.0,380.1040118991556,0.0,3.675162203468718
synth_keyboard_0236,Keyboard,0,5.591146714969112,0.18368808392693037,0.07674572122965068,0.5675675675675675,0.0,0.0,0.0,5.444011275101503
synth_keyboard_0237,Keyboard,0,7.310365474492115,0.13907193425747283,0.06397703255368475,0.8166666666666667,0.0,0.0,0.0,7.190523417533228
synth_keyboard_0238,Keyboard,0,4.353622638023529,0.23458087222008825,0.05908588542907114,0.2553191489361702,0.0,0.0,0.0,4.353622638023529
synth_keyboard_0239,Keyboard,0,3.1079416269023894,0.3386909103555143,0.1513372949588265,0.10526315789473684,0.0,0.0,0.0,3.1079416269023894
synth_keyboard_0240,Keyboard,0,5.404240381079848,0.1882302243385933,0.06359029269605443,0.5517241379310345,0.0,307.4040850350199,0.0,5.221045791890701
synth_keyboard_0241,Keyboard,0,3.124186706610539,0.33075274635375645,0.15789109071874471,0.23333333333333334,0.0,0.0,0.0,3.0234064902682634
synth_keyboard_0242,Keyboard,0,5.46083675812566,0.18850806392887134,0.09638518024745588,0.5588235294117647,0.0,1214.625605270619,0.0,5.148788943375622
synth_keyboard_0243,Keyboard,0,4.295848887896109,0.24005732671501265,0.0945980484200896,0.28125,0.0,0.0,0.0,4.165671648868955
synth_keyboard_0244,Keyboard,0,3.2728790751844756,0.32463771975446787,0.17838912851022626,0.1875,0.0,0.0,0.0,3.0803567766442126
synth_keyboard_0245,Keyboard,0,4.190158298348282,0.2437322227533164,0.09414217403427065,0.2978723404255319,0.0,0.0,0.0,4.10286333379936
synth_keyboard_0246,Keyboard,0,8.133468771211739,0.12473063857009775,0.05381709144972889,0.9420289855072463,0.0,74.95764681896551,0.0,7.901083949177117
synth_keyboard_0247,Keyboard,0,3.6522189881859384,0.3080319125548353,0.08217521696627067,0.125,0.0,0.0,0.0,3.2464168783875005
synth_keyboard_0248,Keyboard,0,3.3068168468083594,0.31104578094918534,0.13309962435770928,0.2,0.0,0.0,0.0,3.214960823285905
synth_keyboard_0249,Keyboard,0,5.978040666625145,0.17564283325505864,0.0921770285923555,0.6,0.0,0.0,0.0,5.69337206345252
synth_keyboard_0250,Keyboard,0,4.061808814195426,0.2591534035941267,0.075725840642632,0.21052631578947367,0.0,719.6800292109887,0.0,3.655627932775883
synth_keyboard_0251,Keyboard,0,3.012783424447806,0.34851492858051947,0.10919339155307926,0.1,0.0,0.0,0.0,3.012783424447806
synth_keyboard_0252,Keyboard,0,4.109158050395941,0.2490183637144091,0.10504563812129625,0.3488372093023256,0.0,0.0,0.0,4.109158050395941
synth_keyboard_0253,Keyboard,0,3.333443918623984,0.30908065515868355,0.1608022194764434,0.24242424242424243,0.0,0.0,0.0,3.333443918623984
synth_keyboard_0254,Keyboard,0,3.590424300809723,0.2949020619019807,0.09637511290279983,0.11764705882352941,0.0,0.0,0.0,3.590424300809723
synth_keyboard_0255,Keyboard,0,7.266050953493583,0.1393684457113814,0.05427584551364974,0.8481012658227848,0.0,0.0,0.0,7.266050953493583
synth_keyboard_0256,Keyboard,0,4.890342626202209,0.21032706850853247,0.08291060539955822,0.4857142857142857,0.0,0.0,0.0,4.890342626202209
synth_keyboard_0257,Keyboard,0,3.9524825078212418,0.2588893972152064,0.09098280825139185,0.32558139534883723,0.0,0.0,0.0,3.9524825078212418
synth_keyboard_0258,Keyboard,0,3.524033847389,0.2961033594052143,0.1050451756004174,0.21739130434782608,0.0,0.0,0.0,3.524033847389
synth_keyboard_0259,Keyboard,0,3.3885658460886794,0.30852419369724876,0.12165715039475435,0.22727272727272727,0.0,0.0,0.0,3.241236896258737
synth_keyboard_0260,Keyboard,0,3.1815312040814643,0.32741048251557375,0.14305708754800928,0.25,0.0,0.0,0.0,3.0542699559182056
synth_keyboard_0261,Keyboard,0,6.0486771251667495,0.16790861522005962,0.06774891062972176,0.671875,0.0,0.0,0.0,6.0486771251667495
synth_keyboard_0262,Keyboard,0,5.128348320509945,0.20347257940658084,0.0964494501180857,0.5652173913043478,0.0,0.0,0.0,4.914667140488697
synth_keyboard_0263,Keyboard,0,3.997879894450824,0.25771235192260816,0.10186415396050282,0.3333333333333333,0.0,0.0,0.0,3.8802951916728583
synth_keyboard_0264,Keyboard,0,3.6552307589828157,0.2804200521351595,0.1256183772472379,0.25,0.0,0.0,0.0,3.5660787892515278
synth_keyboard_0265,Keyboard,0,4.757274829849313,0.2172111913420954,0.0951884594948072,0.43333333333333335,0.0,107.469897602994,0.0,4.450353873084841
synth_keyboard_0266,Keyboard,0,5.611487358981881,0.1810801606158168,0.07166670115024502,0.6290322580645161,0.0,0.0,0.0,5.611487358981881
synth_keyboard_0267,Keyboard,0,5.116159558984356,0.20297676929131792,0.0752098146157769,0.5,0.0,886.6564909418381,0.0,4.737184776837367
synth_keyboard_0268,Keyboard,0,3.954305425809264,0.26693829684122894,0.11838089359704584,0.2222222222222222,0.0,0.0,0.0,3.954305425809264
synth_keyboard_0269,Keyboard,0,3.8542606281080922,0.2724257909137308,0.16371658867571062,0.3,0.0,1238.951048634525,0.0,3.487188187335893
synth_keyboard_0270,Keyboard,0,4.827604950934677,0.21428488228317077,0.08882927563193599,0.3793103448275862,0.0,283.04154033524094,0.0,4.505764620872365
synth_keyboard_0271,Keyboard,0,6.861676545605467,0.14824968395833713,0.0592238250508649,0.8103448275862069,0.0,0.0,0.0,6.745376943137578
synth_keyboard_0272,Keyboard,0,5.466191234279342,0.189718396702555,0.07220836520629696,0.48148148148148145,0.0,0.0,0.0,5.270970118769366
synth_keyboard_0273,Keyboard,0,8.595748310939499,0.11767378665406839,0.0526601103377982,0.9425287356321839,0.0,269.5510317869295,0.0,8.400390394781782
synth_keyboard_0274,Keyboard,0,6.009741702204795,0.16947791918325786,0.07151948606126313,0.6851851851851852,0.0,0.0,0.0,6.009741702204795
synth_keyboard_0275,Keyboard,0,3.129105033582489,0.3292644443844201,0.11616514454136613,0.15151515151515152,0.0,0.0,0.0,3.129105033582489
synth_keyboard_0276,Keyboard,0,5.283274695948093,0.19425751045290102,0.06687214450494872,0.5526315789473685,0.0,3210.6557565963403,0.0,5.012337532053319
synth_keyboard_0277,Keyboard,0,7.967989363183438,0.12880486440102898,0.06541004880082739,0.7894736842105263,0.0,0.0,0.0,7.763681943614633
synth_keyboard_0278,Keyboard,0,4.214108225127969,0.26366458850908375,0.08125071616010221,0.2222222222222222,0.0,0.0,0.0,3.792697402615172
synth_keyboard_0279,Keyboard,0,5.196346634077358,0.20160684446045593,0.08384760773975304,0.42857142857142855,0.0,968.4926269941759,0.0,4.7239514855248705
synth_keyboard_0280,Keyboard,0,2.9946771611897884,0.3440447750613925,0.13799360548426903,0.12121212121212122,0.0,0.0,0.0,2.9946771611897884
synth_keyboard_0281,Keyboard,0,4.131420292710661,0.24985549553924838,0.10375767636157436,0.25806451612903225,0.0,0.0,0.0,4.002313408563453
synth_keyboard_0282,Keyboard,0,3.426541018866372,0.30719946825432093,0.14325165855850475,0.21052631578947367,0.0,109.3751314647416,0.0,3.083886916979735
synth_keyboard_0283,Keyboard,0,4.644555724916364,0.2209717893937349,0.09456207479541909,0.39473684210526316,0.0,0.0,0.0,4.525464552482611
synth_keyboard_0284,Keyboard,0,3.34507694644317,0.31555494012714136,0.12021694828150259,0.16666666666666666,0.0,68.96477064565353,0.0,2.992963583659679
synth_keyboard_0285,Keyboard,0,4.010134412550732,0.2607031181255497,0.11483766163643223,0.2727272727272727,0.0,0.0,0.0,3.835780742439831
synth_keyboard_0286,Keyboard,0,3.12419593210505,0.3311196804240335,0.15381858953125588,0.1724137931034483,0.0,132.19887273053558,0.0,2.9159162032980466
synth_keyboard_0287,Keyboard,0,6.645912270320806,0.15648716951086056,0.0676924271697974,0.68,0.0,0.0,0.0,6.390300259923852
synth_keyboard_0288,Keyboard,0,5.958990405893888,0.17104084749367504,0.06867361665051949,0.6153846153846154,0.0,0.0,0.0,5.846556624650607
synth_keyboard_0289,Keyboard,0,5.255434228594556,0.20085030268523396,0.10144168702289132,0.5555555555555556,0.0,0.0,0.0,4.978832427089579
synth_keyboard_0290,Keyboard,0,3.8850650369642126,0.2859954982836871,0.14781388279739424,0.2222222222222222,0.0,3282.9877153111024,0.0,3.10805202957137
synth_keyboard_0291,Keyboard,0,5.195351282476509,0.20261028017447205,0.10869511611729815,0.47368421052631576,0.0,2526.307484351766,0.0,4.675816154228858
synth_keyboard_0292,Keyboard,0,5.4578337797787375,0.1871212347155951,0.06272986220667329,0.6170212765957447,0.0,0.0,0.0,5.4578337797787375
synth_keyboard_0293,Keyboard,0,3.048101264054227,0.3380146986759364,0.14179805592235484,0.15151515151515152,0.0,0.0,0.0,3.048101264054227
synth_keyboard_0294,Keyboard,0,3.069906338683419,0.33532350864729077,0.117190538221279,0.11764705882352941,0.0,0.0,0.0,2.9821947290067503
synth_keyboard_0295,Keyboard,0,7.826371809098226,0.13081534442554035,0.05044580415761282,0.8809523809523809,0.0,0.0,0.0,7.6443631623750115
synth_keyboard_0296,Keyboard,0,4.630832152057962,0.22074266323126007,0.08861528178520651,0.3333333333333333,0.0,0.0,0.0,4.630832152057962
synth_keyboard_0297,Keyboard,0,4.290551614785991,0.2379258950796357,0.10036171792976405,0.3333333333333333,0.0,0.0,0.0,4.290551614785991
synth_keyboard_0298,Keyboard,0,4.426467912985601,0.23156160174414317,0.10883595171748649,0.375,0.0,42.62981704345874,0.0,4.210542648937523
synth_keyboard_0299,Keyboard,0,4.147496927496553,0.24942339360456328,0.07690405731877802,0.1724137931034483,0.0,0.0,0.0,4.147496927496553
synth_mouse_0300,Mouse,1,25.579159010883536,0.03928979836953936,0.020062760029950104,1.0,0.0,739.1269316382187,1.018075980532678,0.12725949756658475
synth_mouse_0301,Mouse,1,17.844580212699935,0.05698924493716099,0.03456633124111691,1.0,0.0,504.6299378130735,1.4870483510583277,0.29740967021166553
synth_mouse_0302,Mouse,1,10.577857963412214,0.09583212722682338,0.05021938888173257,0.9863013698630136,0.0,307.4143950567837,0.285888053065195,0.1429440265325975
synth_mouse_0303,Mouse,1,20.83147503946347,0.04820683160363303,0.02353238727811616,1.0,0.0,648.5082848716667,0.7002176483853267,0.0
synth_mouse_0304,Mouse,1,10.31398628733932,0.09972588676349378,0.05260847125635697,0.9714285714285714,0.0,308.033254121573,0.0,0.2864996190927589
synth_mouse_0305,Mouse,1,25.550421751780718,0.03936988475320205,0.02037443505602408,1.0,0.0,772.8597680918283,0.7514829926994329,0.15029659853988656
synth_mouse_0306,Mouse,1,14.176835150778233,0.07103787184308737,0.036787865755196124,1.0,0.0,450.695084612734,0.49918433629500825,0.0
synth_mouse_0307,Mouse,1,11.71874097960395,0.08727279445012846,0.046957388586730625,1.0,0.0,325.5178021569044,0.2604164662134211,0.0
synth_mouse_0308,Mouse,1,12.596343239913267,0.08000833899211368,0.043334399517448614,1.0,0.0,352.3932935038349,0.4882303581361731,0.09764607162723463
synth_mouse_0309,Mouse,1,10.970763671629873,0.09197254076471283,0.04729798305629974,0.9819819819819819,0.0,312.17575747399263,0.2938597412043716,0.0
synth_mouse_0310,Mouse,1,28.767568103403498,0.034931766118437506,0.017882442356916967,1.0,0.0,785.3400423736864,1.2629664045396658,0.0
synth_mouse_0311,Mouse,1,15.61538771458554,0.06448411418590067,0.030828415237345055,1.0,0.0,486.94143300614127,0.5384616453305359,0.0
synth_mouse_0312,Mouse,1,17.981585814285676,0.05600686218572916,0.029491734783400135,1.0,0.0,512.0436511771974,1.3929397461770594,0.0
synth_mouse_0313,Mouse,1,10.807575523521246,0.0953315596139683,0.039522770299033824,0.9696969696969697,0.0,351.98293023872816,0.0,0.31786986833886016
synth_mouse_0314,Mouse,1,25.743149752886346,0.03915855386017817,0.021031993564686904,1.0,0.0,714.7664659247843,0.823780792092363,0.20594519802309075
synth_mouse_0315,Mouse,1,15.228527651039146,0.06632952529932097,0.03160590491789075,1.0,0.0,470.0360849817037,0.30457055302078295,0.0
synth_mouse_0316,Mouse,1,17.76520289987855,0.056628911139113405,0.030284066993709717,1.0,0.0,514.6631860626816,0.7446492233482026,0.10637846047831466
synth_mouse_0317,Mouse,1,21.48766509302646,0.04676534395105625,0.024312301940209915,1.0,0.0,617.0448529062384,0.9387814846467872,0.0
synth_mouse_0318,Mouse,1,25.802297846748907,0.038986930037284685,0.022019712471537504,1.0,0.0,715.8041536554682,1.6794395048179762,0.0
synth_mouse_0319,Mouse,1,21.091465782161016,0.04806202852882629,0.029033642200047557,1.0,0.0,648.99386409547,1.140079231468163,0.28501980786704073
synth_mouse_0320,Mouse,1,13.984921499931543,0.07206862160455926,0.042119163365743215,1.0,0.0,383.0851048665621,0.7648003945275063,0.10925719921821518
synth_mouse_0321,Mouse,1,12.921907929986798,0.07859713948612213,0.03729319596529602,1.0,0.0,383.6583555483956,0.3975971670765169,0.19879858353825844
synth_mouse_0322,Mouse,1,20.542551827935917,0.048948391139558164,0.02709873354491803,1.0,0.0,591.386750021483,0.7900981472283045,0.0
synth_mouse_0323,Mouse,1,29.650636718853516,0.033935567376346384,0.017497405911130696,1.0,0.0,854.7788434673101,1.2812003520492259,0.0
synth_mouse_0324,Mouse,1,26.884143762936038,0.03732716134754929,0.019636426972329764,1.0,0.0,810.5893274278086,1.2220065346789108,0.0
synth_mouse_0325,Mouse,1,30.62326537724329,0.03287261022838992,0.016375733266819965,1.0,0.0,871.0643524886889,1.2168184918109917,0.2028030819684986
synth_mouse_0326,Mouse,1,15.611877686505007,0.06472804463892119,0.02843328742006566,1.0,0.0,487.05497249985564,0.32524745180218767,0.0
synth_mouse_0327,Mouse,1,13.084010893775583,0.07725098185701491,0.042733300001453686,1.0,0.0,373.5673291524305,0.9743412367705221,0.0
synth_mouse_0328,Mouse,1,12.529212683163811,0.08123871536037482,0.03765559714390812,1.0,0.0,335.3084476515373,0.0,0.2198107488274353
synth_mouse_0329,Mouse,1,15.085426541171813,0.06673704280147942,0.03818810902001125,1.0,0.0,417.92147084379155,0.5062223671534165,0.0
synth_mouse_0330,Mouse,1,13.497560656837823,0.07467545681492384,0.04413588785511983,1.0,0.0,385.6112531275317,0.9565200465475623,0.10628000517195137
synth_mouse_0331,Mouse,1,11.144959484888965,0.09082088843154766,0.047057278003323516,1.0,0.0,289.7508575187895,0.26855324059973407,0.0
synth_mouse_0332,Mouse,1,12.405643987581886,0.08133467396122541,0.0477121821635554,1.0,0.0,364.17733408153924,0.9968821061449731,0.11076467846055256
synth_mouse_0333,Mouse,1,11.522512572333621,0.08775092279255667,0.0511309185067952,0.9777777777777777,0.0,359.81090344916254,0.6331050863919572,0.0
synth_mouse_0334,Mouse,1,20.03392669816344,0.050176663678538534,0.025798711768508474,1.0,0.0,572.3117795550384,0.7304035775372087,0.10434336821960125
synth_mouse_0335,Mouse,1,28.289891523098287,0.035478272151335324,0.018747592495333233,1.0,0.0,762.0448938809874,0.8290078102006824,0.0
synth_mouse_0336,Mouse,1,19.68357925783213,0.05106297120308517,0.02755947118984511,1.0,0.0,578.6091156449921,0.49958322989421644,0.0999166459788433
synth_mouse_0337,Mouse,1,19.849539011758477,0.05068249170872902,0.027910411039759844,1.0,0.0,587.2058548921777,1.0697356353642293,0.0
synth_mouse_0338,Mouse,1,13.804420143672402,0.07291403313117711,0.04292378297725923,1.0,0.0,383.4556787452972,0.5378345510521715,0.0
synth_mouse_0339,Mouse,1,15.31503418807975,0.066575616522675,0.03804191557014224,1.0,0.0,480.58435039145184,0.5890397764646057,0.29451988823230285
synth_mouse_0340,Mouse,1,10.64588918588651,0.09476423621425423,0.05545922700475038,0.9557522123893806,0.0,295.3296985052912,0.37353997143461437,0.09338499285865359
synth_mouse_0341,Mouse,1,31.560882832344234,0.031779091725796724,0.016799881374502713,1.0,0.0,920.6570010261022,1.4047870696889124,0.09365247131259417
synth_mouse_0342,Mouse,1,12.693707974466413,0.0807991666189358,0.037117219652096314,1.0,0.0,371.5083771786043,0.3173426993616603,0.3173426993616603
synth_mouse_0343,Mouse,1,11.366229448007022,0.08944625579812936,0.05990888654043206,0.95,0.0,311.98135015124495,0.5589948908855913,0.0
synth_mouse_0344,Mouse,1,23.626422572093254,0.042835439418851415,0.02365897915030905,1.0,0.0,693.9624070167876,0.5625338707641251,0.28126693538206254
synth_mouse_0345,Mouse,1,13.872959296489931,0.07308382207575698,0.03687494830977716,1.0,0.0,369.46749157471817,0.38008107661616247,0.19004053830808124
synth_mouse_0346,Mouse,1,10.701470398955763,0.09597064597097266,0.051408818249180865,1.0,0.0,265.9027665016074,0.2816176420777832,0.2816176420777832
synth_mouse_0347,Mouse,1,15.295048817668231,0.06589952866133907,0.03271562378619746,1.0,0.0,469.02389665963835,0.6021672762861509,0.0
synth_mouse_0348,Mouse,1,26.183974945095557,0.0386627958946304,0.020347048928368635,1.0,0.0,856.9872740152657,0.9579503028693496,0.3193167676231165
synth_mouse_0349,Mouse,1,13.01423053355184,0.07744879770939651,0.04437593477376771,1.0,0.0,366.8447832079808,0.6148455370181972,0.10247425616969953
synth_mouse_0350,Mouse,1,13.321729149876887,0.07567069595754004,0.040050625280053744,1.0,0.0,400.3283188686104,0.6394429991940905,0.1065738331990151
synth_mouse_0351,Mouse,1,17.786484309825454,0.057324866757058446,0.029811344033354788,1.0,0.0,493.0783731983042,0.3420477751889511,0.0
synth_mouse_0352,Mouse,1,32.012524786726594,0.03133886666666998,0.01617164353686277,1.0,0.0,944.8062328219346,1.4457269258521688,0.0
synth_mouse_0353,Mouse,1,14.393304567473269,0.07017853373183587,0.040514169547604235,1.0,0.0,430.8652950458887,0.7196652283736634,0.0
synth_mouse_0354,Mouse,1,18.148607812819805,0.05574888808648249,0.026128003915058068,1.0,0.0,545.5296599922526,0.0,0.21103032340488143
synth_mouse_0355,Mouse,1,10.801375166855518,0.09370983845253182,0.04482518678450867,1.0,0.0,301.87269180071024,0.3904111506092356,0.0
synth_mouse_0356,Mouse,1,17.202633519113483,0.05848294128586727,0.03182367447123224,1.0,0.0,516.291954879978,0.6217819344257886,0.0
synth_mouse_0357,Mouse,1,23.618211794796704,0.04265855542943545,0.022184420400961347,1.0,0.0,685.7976135885023,0.8812765595073397,0.17625531190146795
synth_mouse_0358,Mouse,1,12.309248993985467,0.08230866848431534,0.04183344215995812,1.0,0.0,357.58036620569874,0.3197207530905316,0.0
synth_mouse_0359,Mouse,1,10.791938693646616,0.09361703277144268,0.049143396606113374,0.9896907216494846,0.0,297.5025298719232,0.4404872936182292,0.0
synth_mouse_0360,Mouse,1,10.559243019154732,0.09707135238204333,0.04967463451156257,0.975,0.0,264.94281151134066,0.7726275379869315,0.0
synth_mouse_0361,Mouse,1,10.770561598590955,0.09358843462089018,0.051895042343725835,0.984,0.0,340.86578498964934,0.3419225904314589,0.08548064760786472
synth_mouse_0362,Mouse,1,23.566219772228308,0.04293283842980496,0.02292281044034038,1.0,0.0,712.2028334947103,0.2740258113049803,0.2740258113049803
synth_mouse_0363,Mouse,1,13.313408978516623,0.07568127436043218,0.03768118651461623,1.0,0.0,393.529135428562,0.3003024581620291,0.0
synth_mouse_0364,Mouse,1,13.711491721024363,0.07385470876924011,0.04145246213343743,1.0,0.0,406.126299635513,0.5141809395384136,0.0
synth_mouse_0365,Mouse,1,18.115732374464724,0.0556318938239878,0.026068204589268087,1.0,0.0,527.6974207206766,0.561728135642317,0.14043203391057926
synth_mouse_0366,Mouse,1,18.559499664977473,0.05412679372716706,0.030229098030762406,1.0,0.0,563.8765304257266,1.0123363453624077,0.0
synth_mouse_0367,Mouse,1,19.455721856550632,0.052300493764846946,0.02698703143110214,1.0,0.0,597.8313466438327,1.0063304408560672,0.0
synth_mouse_0368,Mouse,1,23.90081125062703,0.04199454542269447,0.02148208410941571,1.0,0.0,662.5937408565215,0.7937538791721153,0.08819487546356837
synth_mouse_0369,Mouse,1,23.36684698178414,0.04295595889058287,0.021716982229147173,1.0,0.0,674.4883531200315,0.9590870029836774,0.08718972754397067
synth_mouse_0370,Mouse,1,11.656472399407317,0.08710908245587606,0.04733755954351566,0.9692307692307692,0.0,302.1090269921879,0.8830660908641906,0.0
synth_mouse_0371,Mouse,1,19.001035983805505,0.0528972231657774,0.028333833644155385,1.0,0.0,552.7793829935705,0.9645195930865739,0.0964519593086574
synth_mouse_0372,Mouse,1,15.466382959898798,0.06537476239484809,0.033717874725364465,1.0,0.0,440.4192219220959,0.5098807569197406,0.0
synth_mouse_0373,Mouse,1,10.144615415699585,0.09998266792016855,0.04489627836447245,0.9857142857142858,0.0,306.6321645730577,0.0,0.14288190726337444
synth_mouse_0374,Mouse,1,14.033706092343529,0.07204005872266225,0.04002505357251431,1.0,0.0,385.4401161112506,0.3050805672248593,0.15254028361242966
synth_mouse_0375,Mouse,1,17.8482922685125,0.05661753520095692,0.02987471708367042,1.0,0.0,537.2172752837436,0.371839422260677,0.1859197111303385
synth_mouse_0376,Mouse,1,24.61508309810048,0.04084509491186692,0.020922193151962303,1.0,0.0,748.5346128569556,0.6616957822070022,0.0
synth_mouse_0377,Mouse,1,13.022017267615968,0.07767569586849,0.042950300736935,1.0,0.0,351.51912889124037,1.1838197516014517,0.0
synth_mouse_0378,Mouse,1,13.172648578187612,0.07646498506606167,0.03612977782733835,1.0,0.0,357.3336508809505,0.37906902383273705,0.0
synth_mouse_0379,Mouse,1,20.246836565369335,0.049623405507730874,0.026614457716129684,1.0,0.0,592.3236941171297,0.950555707294335,0.09505557072943349
synth_mouse_0380,Mouse,1,19.863135089394845,0.05056532920870754,0.025244675250555886,1.0,0.0,590.1141553265691,0.867385811763967,0.0
synth_mouse_0381,Mouse,1,25.105869988694202,0.039991932504894544,0.02120981064768176,1.0,0.0,785.4636700365304,0.8066142968255166,0.10082678710318957
synth_mouse_0382,Mouse,1,21.667853206155304,0.04650094995518661,0.02427355176964293,1.0,0.0,647.9409153239267,0.8145809475998235,0.1629161895199647
synth_mouse_0383,Mouse,1,32.02433768146385,0.03132506804481617,0.01542551705022104,1.0,0.0,926.9763497991983,1.1112546198615216,0.0
synth_mouse_0384,Mouse,1,31.169042441219702,0.03222961410958095,0.016069383437493576,1.0,0.0,898.4100960933612,1.1334197251352618,0.0
synth_mouse_0385,Mouse,1,32.64693597789678,0.03093104731948821,0.018180033012514345,1.0,0.0,904.6639989141055,2.2187238043230826,0.3169605434747261
synth_mouse_0386,Mouse,1,16.361341676540096,0.061441364514509544,0.03339530924985346,1.0,0.0,483.2262780504977,0.770953272716549,0.08566147474628322
synth_mouse_0387,Mouse,1,12.099095519261995,0.08328658171910801,0.04180188712165724,1.0,0.0,374.34534161121377,0.46179753890312963,0.0
synth_mouse_0388,Mouse,1,31.26678118646329,0.03207191393767397,0.01580318991102981,1.0,0.0,919.8448444648565,0.9553738695863783,0.0
synth_mouse_0389,Mouse,1,18.769174626991713,0.05358504816671209,0.02906315689656729,1.0,0.0,575.6716555562725,0.8580194115196211,0.10725242643995264
synth_mouse_0390,Mouse,1,10.719667903235914,0.09504659414129232,0.046141463248093616,1.0,0.0,314.621284951336,0.7940494743137714,0.0
synth_mouse_0391,Mouse,1,15.372788349593032,0.06544187518279175,0.03530901384941965,1.0,0.0,463.8406963094539,0.6443683739350373,0.0
synth_mouse_0392,Mouse,1,12.774315769062312,0.07905714938915596,0.03837789629491096,1.0,0.0,418.72715657298124,0.37571516967830326,0.0
synth_mouse_0393,Mouse,1,25.329754648187965,0.039811019701948704,0.020482985896626206,1.0,0.0,711.7896023055025,1.4775690211442978,0.2110812887348997
synth_mouse_0394,Mouse,1,11.794367222586484,0.08671319566587062,0.04676479150804407,0.9772727272727273,0.0,323.9734143179187,0.5241940987816215,0.0
synth_mouse_0395,Mouse,1,10.722556395517378,0.09452163048890266,0.04596099771325549,0.972972972972973,0.0,302.6024744150372,0.2859348372137967,0.0
synth_mouse_0396,Mouse,1,24.646309927540386,0.0408244821421259,0.02210248306885879,1.0,0.0,692.5090578686129,1.6632479092205168,0.0
synth_mouse_0397,Mouse,1,11.760150435291296,0.08618201944696545,0.03867581796078964,1.0,0.0,358.30376375504994,0.15680200580388395,0.15680200580388395
synth_mouse_0398,Mouse,1,10.759555077436595,0.09483739391837501,0.055385315739684284,0.9387755102040817,0.0,279.316992707254,0.6455733046461957,0.0
synth_mouse_0399,Mouse,1,18.074094446517318,0.055728732622932584,0.03136764433253818,1.0,0.0,537.0270326765185,0.7801767386985892,0.13002945644976485
synth_mouse_0400,Mouse,1,11.419083107197975,0.09030935236384743,0.04169381599030205,1.0,0.0,304.9801489389776,0.0,0.0
synth_mouse_0401,Mouse,1,13.692368862694881,0.07359953183339484,0.03995911487274831,1.0,0.0,395.8109385095329,0.631955485970533,0.0
synth_mouse_0402,Mouse,1,27.982622174487595,0.03597792767522124,0.017996169784141914,1.0,0.0,848.128391059704,0.7512113335432912,0.0
synth_mouse_0403,Mouse,1,15.486918077417018,0.06497673088640335,0.03489286409907785,1.0,0.0,463.00207483013406,0.4839661899192818,0.09679323798385636
synth_mouse_0404,Mouse,1,21.513149029006417,0.04703006075578148,0.02235440470700768,1.0,0.0,591.8939887088858,0.7504586870583634,0.25015289568612115
synth_mouse_0405,Mouse,1,12.187698984357777,0.08337332859649789,0.04218783425445091,1.0,0.0,368.0765710119307,0.38691107886850085,0.0
synth_mouse_0406,Mouse,1,16.08830656559135,0.06252257494225613,0.033693929612841816,1.0,0.0,481.27387159171184,0.5645019847575912,0.0940836641262652
synth_mouse_0407,Mouse,1,20.05219332181434,0.05010961525164352,0.025744246230753318,1.0,0.0,589.7412220562649,0.5756610523008902,0.09594350871681503
synth_mouse_0408,Mouse,1,20.544790509364216,0.04896045800431502,0.025497801137753885,1.0,0.0,606.8759384357,0.9611597899117762,0.12014497373897202
synth_mouse_0409,Mouse,1,19.681525230183425,0.05165588818835621,0.030035443474948683,1.0,0.0,561.1132092802994,0.9679438637795127,0.32264795459317086
synth_mouse_0410,Mouse,1,12.347564289573256,0.08233742646111815,0.03678876877490443,1.0,0.0,347.6484505083654,0.6072572601429471,0.0
synth_mouse_0411,Mouse,1,14.500132319216652,0.06969855692509559,0.03707671643134167,1.0,0.0,406.67236597459737,0.6105318871249117,0.15263297178122792
synth_mouse_0412,Mouse,1,17.57531095364177,0.05721062393414766,0.030278135080293343,1.0,0.0,486.76655717949365,0.8643595550971364,0.09603995056634848
synth_mouse_0413,Mouse,1,9.914239799525708,0.10251854536255765,0.057911634400076156,0.9672131147540983,0.0,274.46350896086983,0.7995354677036861,0.0
synth_mouse_0414,Mouse,1,25.974061130171478,0.03862617722721771,0.020252712150066052,1.0,0.0,751.6005780913406,0.6790604217038295,0.08488255271297869
synth_mouse_0415,Mouse,1,12.048672266294519,0.08383504736258042,0.0462770551210433,1.0,0.0,331.60139547869863,0.6024336133147259,0.0
synth_mouse_0416,Mouse,1,23.776417800831247,0.042307347060840494,0.022020091152835364,1.0,0.0,697.8767754533897,1.2587515306322425,0.13986128118136026
synth_mouse_0417,Mouse,1,31.288395992268075,0.03204877684316057,0.01770532282944433,1.0,0.0,929.1424942320847,1.2033998458564643,0.08595713184689031
synth_mouse_0418,Mouse,1,18.21399590543402,0.05520616492389029,0.029087327448088285,1.0,0.0,577.1983312273952,0.7005383040551546,0.0
synth_mouse_0419,Mouse,1,15.488172273146693,0.06495434571900915,0.03478233404940435,1.0,0.0,434.4186871336135,0.5564612792747314,0.09274354654578858
synth_mouse_0420,Mouse,1,26.36671375641891,0.03822761217981245,0.01921876819311206,1.0,0.0,838.8990657226673,0.8304476773675247,0.0
synth_mouse_0421,Mouse,1,16.644649420135735,0.060567817071667224,0.02786735356804175,1.0,0.0,551.3485294423974,0.2684620874215441,0.0
synth_mouse_0422,Mouse,1,16.292396590274326,0.061836371400912526,0.03465661330644182,1.0,0.0,466.7459824196476,0.9654753534977379,0.12068441918721724
synth_mouse_0423,Mouse,1,21.9982499009759,0.04590382990075178,0.02588552009991392,1.0,0.0,670.8305831391078,0.4271504835140952,0.2135752417570476
synth_mouse_0424,Mouse,1,20.829982451745106,0.04827742797468562,0.023812276644732844,1.0,0.0,574.6376301345796,0.2327372340977107,0.11636861704885534
synth_mouse_0425,Mouse,1,13.36631079541232,0.07622656244668537,0.042885417644933414,1.0,0.0,386.2864661408814,0.7425728219673511,0.0
synth_mouse_0426,Mouse,1,17.108771510908884,0.05880378994009725,0.03132896826869423,1.0,0.0,533.4843169178575,0.5153244430996652,0.0
synth_mouse_0427,Mouse,1,16.020210802024692,0.06280886016787338,0.03392810897343526,1.0,0.0,459.9583295497825,0.5933411408157294,0.0
synth_mouse_0428,Mouse,1,15.441546528140645,0.06521007741092455,0.03149206392588061,1.0,0.0,451.43103643322775,0.21298684866400888,0.10649342433200444
synth_mouse_0429,Mouse,1,14.071057993742183,0.07181594420539555,0.0385077476693466,1.0,0.0,386.78979140099227,0.8794411246088865,0.14657352076814772
synth_mouse_0430,Mouse,1,22.624176466202073,0.04439184806701613,0.022622668595900387,1.0,0.0,669.2433013650905,0.5851080120569502,0.0975180020094917
synth_mouse_0431,Mouse,1,26.258781712358882,0.03821291743561651,0.01949676878252327,1.0,0.0,840.201390578153,0.8962041540054226,0.08962041540054226
synth_mouse_0432,Mouse,1,33.35264969081852,0.030075739090026532,0.015015302825546688,1.0,0.0,981.6736521854123,0.9293307963385964,0.0
synth_mouse_0433,Mouse,1,23.913017150337673,0.04238333904675018,0.02201787387346998,1.0,0.0,766.7749111046087,0.637680457342338,0.318840228671169
synth_mouse_0434,Mouse,1,32.775585754434374,0.03060297108174788,0.014627107105030453,1.0,0.0,972.0425230886541,1.4852984480861497,0.09901989653907665
synth_mouse_0435,Mouse,1,11.045948709351602,0.09134652310622922,0.04882639508361296,1.0,0.0,315.10895701595564,0.39449816819112865,0.09862454204778216
synth_mouse_0436,Mouse,1,20.10607853434321,0.050124766909596746,0.028796218280848572,1.0,0.0,555.6615099762222,1.091027517367461,0.1558610739096373
synth_mouse_0437,Mouse,1,14.856698759388022,0.06843153267977721,0.03319648467466361,1.0,0.0,360.12237957443295,0.24355243867849216,0.24355243867849216
synth_mouse_0438,Mouse,1,12.408778464204937,0.08188791791144051,0.04508002539720728,1.0,0.0,373.5767466284606,1.181788425162375,0.1969647375270625
synth_mouse_0439,Mouse,1,12.346868621222223,0.08162494725729381,0.04422821418963137,1.0,0.0,361.6132920849671,0.574272959126615,0.0
synth_mouse_0440,Mouse,1,24.396598423655362,0.041444757730271134,0.021467535717271488,1.0,0.0,657.1059877396277,1.6085669290322218,0.0
synth_mouse_0441,Mouse,1,29.535369964826824,0.03405687330610941,0.019074417479812797,1.0,0.0,841.5468773427847,1.899936079608743,0.172721461782613
synth_mouse_0442,Mouse,1,10.324608017747568,0.09954642113396178,0.0538094804313464,0.9722222222222222,0.0,282.7379723271773,0.2790434599391235,0.0
synth_mouse_0443,Mouse,1,24.63160502451378,0.04086890260154851,0.021292071902907054,1.0,0.0,731.1398928205234,1.141862484580109,0.16312321208287273
synth_mouse_0444,Mouse,1,17.42423224100968,0.05789039300106701,0.030365456005839273,1.0,0.0,514.9635129438437,0.4506266958881814,0.1502088986293938
synth_mouse_0445,Mouse,1,33.69973140221878,0.0299074791937859,0.015386751822340903,1.0,0.0,878.9033293080146,1.3163957578991712,0.0
synth_mouse_0446,Mouse,1,14.164200244990429,0.07124823812650691,0.04104199882609167,1.0,0.0,359.52261249665014,0.6438272838632013,0.12876545677264026
synth_mouse_0447,Mouse,1,32.734045841753456,0.030782433453459226,0.014552467634472193,1.0,0.0,1099.2806032121307,0.49597039154171907,0.24798519577085953
synth_mouse_0448,Mouse,1,15.575949953457656,0.06514568198953989,0.036205470005517104,1.0,0.0,434.71558441841967,0.9029536204902989,0.0
synth_mouse_0449,Mouse,1,20.943439539237442,0.04800856511608723,0.028971893121228005,1.0,0.0,599.752137206157,1.1382304097411653,0.0
synth_mouse_0450,Mouse,1,25.32805111085547,0.0399357316694628,0.020531752338602747,1.0,0.0,741.1038939560715,1.1512750504934304,0.2878187626233576
synth_mouse_0451,Mouse,1,20.80430877441003,0.04836367554512544,0.025645304570648585,1.0,0.0,659.4228153934368,0.6381689808101235,0.0
synth_mouse_0452,Mouse,1,25.300913688274743,0.03979497845309434,0.019965964512344857,1.0,0.0,766.1892137504898,0.5163451773117295,0.0
synth_mouse_0453,Mouse,1,21.988291033624535,0.04577599715108471,0.025236278141514547,1.0,0.0,646.1603248803489,1.142248884863612,0.1427811106079515
synth_mouse_0454,Mouse,1,13.352603515194971,0.07553738029496525,0.04123085449889476,0.9913793103448276,0.0,384.66029843312293,0.4564992654767512,0.1141248163691878
synth_mouse_0455,Mouse,1,13.435846838416282,0.07491741752297834,0.041747924104093614,1.0,0.0,379.05295238510405,0.43907996203974775,0.0
synth_mouse_0456,Mouse,1,16.322961742993417,0.061632448340288186,0.032894785404972655,1.0,0.0,504.3112492342746,0.39096914354475254,0.0
synth_mouse_0457,Mouse,1,15.671262908251363,0.06430959048420776,0.029642778077694824,1.0,0.0,453.720124012096,0.24296531640699787,0.0
synth_mouse_0458,Mouse,1,13.355042421156327,0.07606662591080396,0.0333484104667505,1.0,0.0,407.49986880193416,0.0,0.2086725378305676
synth_mouse_0459,Mouse,1,17.72703295644431,0.0572529749128363,0.030900481418921998,1.0,0.0,533.3112195997742,0.521383322248362,0.260691661124181
synth_mouse_0460,Mouse,1,28.072696041682914,0.03577403120748853,0.018824510819410736,1.0,0.0,819.3415404739801,0.8362079671990654,0.11945828102843792
synth_mouse_0461,Mouse,1,10.723009524099393,0.09626570434318686,0.04404688114061123,1.0,0.0,311.77277983626226,0.0,0.0
synth_mouse_0462,Mouse,1,13.243745275480332,0.07643953111108362,0.03829834787450863,1.0,0.0,390.1498174054324,0.1615090887253699,0.0
synth_mouse_0463,Mouse,1,16.14046850225444,0.06249954452583951,0.03507198301662525,1.0,0.0,445.76662331292965,0.7017595000980191,0.0
synth_mouse_0464,Mouse,1,22.045463518258646,0.045539392131289415,0.023000301412889123,1.0,0.0,652.3035651793036,0.6916223848865458,0.08645279811081823
synth_mouse_0465,Mouse,1,15.614346966835067,0.06444900424343697,0.03466976823940268,1.0,0.0,469.52941755021914,0.7856275203439027,0.09820344004298784
synth_mouse_0466,Mouse,1,13.849414411010779,0.07271731271041224,0.038281793222338725,1.0,0.0,423.5163342750723,0.39012434960593745,0.09753108740148436
synth_mouse_0467,Mouse,1,14.231982487277582,0.07093989790374683,0.03835584846784187,1.0,0.0,451.4970321028476,0.2710853807100492,0.0
synth_mouse_0468,Mouse,1,17.45777434464744,0.05766550704125873,0.02806173796707869,1.0,0.0,513.6868820719327,0.2327703245952992,0.0
synth_mouse_0469,Mouse,1,16.871840926323845,0.05958901275067201,0.030020841597965326,1.0,0.0,512.8689625020473,0.36089499307644585,0.0
synth_mouse_0470,Mouse,1,18.995825586442773,0.05295281051954224,0.024633469168653634,1.0,0.0,533.8428735488719,0.2221733986718453,0.11108669933592265
synth_mouse_0471,Mouse,1,28.671524806101502,0.03515683266993496,0.019445261734876543,1.0,0.0,841.4411575884358,1.3653107050524524,0.0
synth_mouse_0472,Mouse,1,18.69910575253746,0.053880587142824274,0.02936996717498373,1.0,0.0,535.738260145443,0.6977278265872185,0.0
synth_mouse_0473,Mouse,1,27.355785476981826,0.03666816369053342,0.021499342833446858,1.0,0.0,726.9883802759424,1.8517762476726158,0.0
synth_mouse_0474,Mouse,1,10.20820970790328,0.09889332590240853,0.05313115682984372,0.9523809523809523,0.0,291.61418608887743,0.19260773033779774,0.09630386516889887
synth_mouse_0475,Mouse,1,12.808619300865082,0.0786638851470671,0.042086688760995354,1.0,0.0,358.4531790614523,0.19261081655436213,0.0
synth_mouse_0476,Mouse,1,14.257182096502758,0.0708631812031314,0.037653079861427144,1.0,0.0,441.70093105410217,0.43644434989294156,0.14548144996431384
synth_mouse_0477,Mouse,1,9.562126386655567,0.10651590214702798,0.04232697107360176,0.9629629629629629,0.0,272.2588159262068,0.0,0.0
synth_mouse_0478,Mouse,1,27.381813353313177,0.03684378183813944,0.01774857469947451,1.0,0.0,782.5201039208854,0.24019134520450156,0.24019134520450156
synth_mouse_0479,Mouse,1,14.542889511063278,0.06948593778566022,0.03849141277541969,1.0,0.0,390.85186644072155,1.060419026848364,0.15148843240690915
synth_mouse_0480,Mouse,1,11.982340718103565,0.08405655191248178,0.04472833141919842,1.0,0.0,364.58301780579035,0.17117629597290807,0.08558814798645403
synth_mouse_0481,Mouse,1,21.325875107406297,0.047097963449799565,0.023596374281035025,1.0,0.0,592.0132736481945,1.028879939392409,0.0
synth_mouse_0482,Mouse,1,22.736708830435894,0.04441293280832625,0.02382620579324815,1.0,0.0,695.9589646041845,0.8829789837062483,0.22074474592656207
synth_mouse_0483,Mouse,1,14.782230473569573,0.06892518191689839,0.03616005882358274,1.0,0.0,441.5606794642196,0.2737450087698069,0.2737450087698069
synth_mouse_0484,Mouse,1,10.130869820375151,0.09984278455925386,0.05299004843830375,0.9885057471264368,0.0,308.9619285700324,0.23024704137216254,0.0
synth_mouse_0485,Mouse,1,31.31131197735421,0.03221030818754693,0.01670324397362691,1.0,0.0,899.822040359578,1.5921006090180108,0.2653501015030018
synth_mouse_0486,Mouse,1,10.65197717282848,0.09463031920226508,0.052878076591284774,0.96,0.0,302.62242984075294,0.5917765096015821,0.0
synth_mouse_0487,Mouse,1,30.850826872890387,0.03251196968459995,0.017282127135792965,1.0,0.0,906.4593933723673,0.8363175959518478,0.0929241773279831
synth_mouse_0488,Mouse,1,17.612917993072973,0.05705758100076003,0.032478782082870326,1.0,0.0,534.9099843774695,0.6941051425841565,0.08676314282301956
synth_mouse_0489,Mouse,1,12.602670795338895,0.08035266843775951,0.04161164064097399,1.0,0.0,349.64721701761994,0.7876669247086809,0.0
synth_mouse_0490,Mouse,1,30.765142479901417,0.03261640268747699,0.016783059505102,1.0,0.0,967.4986185910338,0.9514992519557139,0.10572213910619044
synth_mouse_0491,Mouse,1,16.563336246706854,0.0608182389207219,0.03007670183711595,1.0,0.0,505.0808045580869,0.48360105829801037,0.0
synth_mouse_0492,Mouse,1,10.458765849329692,0.0967253614384703,0.04601792495353088,0.9767441860465116,0.0,283.41972905103034,0.24043139883516534,0.0
synth_mouse_0493,Mouse,1,15.764065605507264,0.06445856403332109,0.03233908220588165,1.0,0.0,476.3168990901103,0.2502232635794804,0.2502232635794804
synth_mouse_0494,Mouse,1,23.15022272540095,0.04377986015665687,0.02326771897795205,1.0,0.0,716.4557852005499,0.6173392726773587,0.0
synth_mouse_0495,Mouse,1,10.787977319942256,0.09358708816981354,0.048235986335291664,1.0,0.0,332.69861906389247,0.513713205711536,0.0
synth_mouse_0496,Mouse,1,20.09895354629928,0.04997896455473853,0.02466355669279986,1.0,0.0,600.4082278803617,0.6337507874959233,0.0
synth_mouse_0497,Mouse,1,15.478162878398255,0.06502667754570512,0.03197796279369059,1.0,0.0,451.6336384586386,0.6990138074115341,0.0
synth_mouse_0498,Mouse,1,15.71040267339471,0.06432211425750291,0.039691729955836856,0.9894736842105263,0.0,496.74468257346405,0.9819001670871694,0.16365002784786156
synth_mouse_0499,Mouse,1,18.05124698113084,0.055712595325578776,0.02959406126631677,1.0,0.0,556.6182333095979,0.7138911235475475,0.0
synth_mouse_0500,Mouse,1,12.571961112237283,0.0801446766006144,0.044529976678286745,0.9848484848484849,0.0,379.1418588182456,0.4726301170014016,0.09452602340028032
synth_mouse_0501,Mouse,1,15.559608794363394,0.06569716730876496,0.04016186559418898,1.0,0.0,445.95103493161196,0.6765047301897127,0.0
synth_mouse_0502,Mouse,1,15.50533537326242,0.06526171395490755,0.03363662176630564,1.0,0.0,461.1914555282664,0.18241571027367554,0.18241571027367554
synth_mouse_0503,Mouse,1,21.314934947888435,0.04725542814341908,0.024229750059932643,1.0,0.0,611.9156462537288,0.30668971148040913,0.0
synth_mouse_0504,Mouse,1,13.581563184020704,0.07411362990621762,0.039009581128672526,1.0,0.0,390.8038427700799,0.6213787077656531,0.0
synth_mouse_0505,Mouse,1,15.352318176341202,0.06568874906626827,0.035975046990836194,1.0,0.0,433.6174291222793,0.7740664626726655,0.0
synth_mouse_0506,Mouse,1,30.920592025627503,0.0324751019243456,0.016145174979527943,1.0,0.0,874.2677017795462,1.405481455710341,0.0
synth_mouse_0507,Mouse,1,12.831424129512923,0.07855714142295,0.04301626614885,1.0,0.0,390.9442972602628,0.407346797762315,0.10183669944057876
synth_mouse_0508,Mouse,1,14.308432148390906,0.0712328757379186,0.041300029043708456,0.9807692307692307,0.0,402.14122801339096,0.8099112536825042,0.0
synth_mouse_0509,Mouse,1,11.054237032637207,0.09125658576401077,0.04494511580125514,0.9912280701754386,0.0,328.6514406679798,0.28837140085140545,0.0
synth_mouse_0510,Mouse,1,15.639941426596607,0.0642960587095751,0.034039726798779577,1.0,0.0,473.27516247761406,0.8688856348109226,0.0
synth_mouse_0511,Mouse,1,12.181079215914805,0.08273589573929331,0.03943555788603558,1.0,0.0,344.88014454721554,0.09442697066600624,0.0
synth_mouse_0512,Mouse,1,34.07356689295074,0.029445765460609397,0.014164365207392766,1.0,0.0,986.7436620424756,1.1282638044023423,0.0
synth_mouse_0513,Mouse,1,25.73734320772375,0.03898270502050316,0.020901818640449224,1.0,0.0,734.145917151105,1.2741259013724628,0.0849417267581642
synth_mouse_0514,Mouse,1,17.555956614739884,0.05731451735756822,0.03453120760247648,1.0,0.0,507.73911158178583,0.9753309230411046,0.0
synth_mouse_0515,Mouse,1,20.05154378178026,0.050519153238837336,0.029512258165595058,1.0,0.0,593.3781641761494,1.0282842965015517,0.25707107412538793
synth_mouse_0516,Mouse,1,13.704051070394723,0.07390665049465116,0.037452994071468605,1.0,0.0,344.3799289140452,0.3469380017821449,0.17346900089107245
synth_mouse_0517,Mouse,1,12.626581350127056,0.08103981478273942,0.04363556101367448,1.0,0.0,332.3510812693834,0.8609032738722993,0.0
synth_mouse_0518,Mouse,1,23.16811995194497,0.043562415135654176,0.021005251853665353,1.0,0.0,662.9957193351325,1.0627577959607784,0.21255155919215568
synth_mouse_0519,Mouse,1,16.295705207311265,0.06172683784742714,0.032989560177773006,1.0,0.0,513.6787041769848,0.47648260840091416,0.0
synth_mouse_0520,Mouse,1,19.415512581035774,0.05175047017524083,0.026210474839301032,1.0,0.0,555.1782424098812,0.6441165311244095,0.09201664730348708
synth_mouse_0521,Mouse,1,10.460192326931898,0.09878722121320906,0.046118798557585695,1.0,0.0,309.351398170866,0.337425558933287,0.0
synth_mouse_0522,Mouse,1,9.440587406639285,0.107006485732255,0.05690092569345954,0.9591836734693877,0.0,293.84217818833173,0.2860784062617965,0.09535946875393217
synth_mouse_0523,Mouse,1,11.139858367156286,0.09050354933451832,0.049345587330168715,0.9918032786885246,0.0,313.39145013758156,0.36227181681809056,0.0
synth_mouse_0524,Mouse,1,11.691522730739662,0.08700674862785723,0.04827863242704666,0.9827586206896551,0.0,390.41230315881205,0.5944842066477795,0.0
synth_mouse_0525,Mouse,1,20.39453870466709,0.049775654642250255,0.02842281815838884,1.0,0.0,604.2129988936093,0.6087922001393162,0.3043961000696581
synth_mouse_0526,Mouse,1,13.670010212382818,0.07369072338102366,0.039340028829956374,1.0,0.0,414.46564751590535,0.19956219288150098,0.0
synth_mouse_0527,Mouse,1,16.101971292255573,0.06276488012113265,0.030058929029337107,1.0,0.0,478.7377309014354,0.33898886931064365,0.0
synth_mouse_0528,Mouse,1,11.432224101781893,0.08817746285885959,0.044631140530356286,1.0,0.0,319.72807458978923,0.27437337844276544,0.0
synth_mouse_0529,Mouse,1,30.075849353885307,0.033406848287830485,0.01704445116612171,1.0,0.0,963.6026215436675,1.2768049254007914,0.0
synth_mouse_0530,Mouse,1,29.33783498114844,0.03428045342679601,0.017504041424900318,1.0,0.0,822.0016441148578,1.0001534652664241,0.16669224421107068
synth_mouse_0531,Mouse,1,13.446080314616623,0.075748358977994,0.039499328290986,1.0,0.0,391.9134063687397,0.0,0.0
synth_mouse_0532,Mouse,1,11.948683079925914,0.08543479867236238,0.05298157863793215,1.0,0.0,322.8349536500145,0.9754027004021154,0.0
synth_mouse_0533,Mouse,1,16.742825945745686,0.06022479936187527,0.027946991248551923,1.0,0.0,516.1255402378287,0.41511138708460377,0.0
synth_mouse_0534,Mouse,1,19.784110970944106,0.05086962249091298,0.02824300519427077,1.0,0.0,578.4689082251728,0.6300672283740162,0.12601344567480322
synth_mouse_0535,Mouse,1,23.300341236841156,0.043146112699268865,0.023207767020972065,1.0,0.0,680.7740606149604,0.9862578301308426,0.12328222876635532
synth_mouse_0536,Mouse,1,10.547119165942643,0.09573313072298406,0.04842255004369514,0.9805825242718447,0.0,302.2543060008478,0.5070730368241655,0.0
synth_mouse_0537,Mouse,1,12.049311781594954,0.08523532676744137,0.03888534499229553,1.0,0.0,342.28509145332686,0.0,0.31708715214723565
synth_mouse_0538,Mouse,1,10.752528703131812,0.09544878398462275,0.05682375130980855,0.9736842105263158,0.0,309.4770490299733,0.5514117283657339,0.0
synth_mouse_0539,Mouse,1,12.861826633416568,0.07839736625850348,0.04216622608416209,0.9916666666666667,0.0,411.46929287847746,0.3188882636384273,0.10629608787947577
synth_mouse_0540,Mouse,1,13.24429354307829,0.0761551143799811,0.042317425417207295,1.0,0.0,384.91060053428214,0.2263981802235605,0.0
synth_mouse_0541,Mouse,1,17.80320392407761,0.05678691404650586,0.029446852242529853,1.0,0.0,496.2065146830768,0.19351308613127838,0.19351308613127838
synth_mouse_0542,Mouse,1,23.011388209092374,0.04387459702307141,0.024645851582239447,1.0,0.0,709.3532817058195,0.4383121563636643,0.0
synth_mouse_0543,Mouse,1,10.661157003075122,0.09511955473029328,0.04396740192745033,1.0,0.0,332.4314782468852,0.14807162504271004,0.14807162504271004
synth_mouse_0544,Mouse,1,17.41540905917876,0.05784575050658688,0.03022454245878016,1.0,0.0,544.8724261840873,0.8963813486342008,0.1280544783763144
synth_mouse_0545,Mouse,1,10.000380024745848,0.10131193936928322,0.04940747206611234,0.9736842105263158,0.0,317.75798492514775,0.12987506525643958,0.0
synth_mouse_0546,Mouse,1,17.258843294511944,0.05847288226132212,0.030766602537523606,1.0,0.0,491.1808726042262,0.3137971508093081,0.0
synth_mouse_0547,Mouse,1,13.304298758392873,0.07564242543160984,0.0381247405342534,1.0,0.0,411.0135189287606,0.25261326756442165,0.08420442252147388
synth_mouse_0548,Mouse,1,27.85135648750876,0.03609189856817802,0.018832339994027204,1.0,0.0,757.5608502891475,0.43292263970220873,0.1443075465674029
synth_mouse_0549,Mouse,1,12.421356796353097,0.08229553654898199,0.0521194108183842,0.9777777777777777,0.0,328.35956340655724,0.8100884867186803,0.2700294955728934
synth_mouse_0550,Mouse,1,16.715619616419698,0.06014420145068017,0.031670705748745934,1.0,0.0,483.7326804891512,0.5334772218006287,0.0
synth_mouse_0551,Mouse,1,13.809556476973002,0.07334200157038777,0.03433767413777511,1.0,0.0,394.4203261066917,0.34960902473349376,0.0
synth_mouse_0552,Mouse,1,30.124477995362263,0.03351478438135318,0.017253053773071386,1.0,0.0,904.6943755913047,2.008298533024151,0.0
synth_mouse_0553,Mouse,1,17.42317386639595,0.058112259440446,0.030576344272266007,1.0,0.0,500.88413887171697,0.8604036477232567,0.21510091193081418
synth_mouse_0554,Mouse,1,10.89365522407883,0.09346558131666187,0.04777024037354007,1.0,0.0,335.02658532365234,0.5835886727185088,0.0
synth_mouse_0555,Mouse,1,24.459876267581535,0.04104113172442717,0.021888505767096056,1.0,0.0,725.6872019370201,0.8466880246470531,0.0
synth_mouse_0556,Mouse,1,22.345348831214743,0.04494577426001216,0.021147873496909865,1.0,0.0,642.5230438319832,0.4815807937761798,0.0
synth_mouse_0557,Mouse,1,19.92397917418586,0.05045917709477673,0.02738732318011143,1.0,0.0,577.821477770694,0.8478289010291855,0.0
synth_mouse_0558,Mouse,1,15.981846319938894,0.06300855275630364,0.03315421689657113,1.0,0.0,469.4619288309021,0.7768953072192518,0.11098504388846454
synth_mouse_0559,Mouse,1,16.464473085818316,0.06128401460221157,0.028482551282640076,1.0,0.0,505.11707966746104,0.441012671941562,0.14700422398052065
synth_mouse_0560,Mouse,1,22.800124013526386,0.04407546677282117,0.0241135569444857,1.0,0.0,674.7643572413259,1.1176531379179602,0.11176531379179601
synth_mouse_0561,Mouse,1,15.676865796802321,0.06416570587524548,0.03370178984429854,1.0,0.0,465.9400029641148,0.7377348610259916,0.09221685762824895
synth_mouse_0562,Mouse,1,12.384370208305985,0.08139812515075985,0.043801410141685496,0.9919354838709677,0.0,345.2175646502499,0.6935247316651351,0.09907496166644787
synth_mouse_0563,Mouse,1,12.693689436939085,0.07969534090166655,0.04611353898981121,1.0,0.0,327.1335785914704,0.5836179051466246,0.14590447628665615
synth_mouse_0564,Mouse,1,11.497884115627617,0.08833146949355575,0.05502898066868987,0.984375,0.0,297.7259037066425,1.2382336739906663,0.17689052485580947
synth_mouse_0565,Mouse,1,25.939743939270514,0.03868112116786746,0.02040613951316815,1.0,0.0,719.6249018492549,1.2227488725582059,0.087339205182729
synth_mouse_0566,Mouse,1,11.571572963875461,0.08783537430874463,0.03974357462346173,1.0,0.0,370.4587980206717,0.0,0.18663827361089452
synth_mouse_0567,Mouse,1,11.75110590550224,0.0866456167078771,0.041634751826279105,1.0,0.0,329.5416247941421,0.4196823537679371,0.20984117688396856
synth_mouse_0568,Mouse,1,22.391445021493624,0.045173245938465625,0.022957336847273375,1.0,0.0,681.8831422461045,0.5088964777612187,0.25444823888060936
synth_mouse_0569,Mouse,1,19.104036789040666,0.05259186800291587,0.025602243413981214,1.0,0.0,559.05588972305,0.6278321949449984,0.0896903135635712
synth_mouse_0570,Mouse,1,13.177105989233247,0.0764391193054526,0.03840178722408378,1.0,0.0,370.6001818845628,0.4739966183177427,0.09479932366354854
synth_mouse_0571,Mouse,1,13.879340079867012,0.07285008547184466,0.04196869473771098,1.0,0.0,408.77000117228687,0.3050404413157585,0.15252022065787926
synth_mouse_0572,Mouse,1,10.293856336264295,0.09809772825478265,0.053325526227497796,0.9803921568627451,0.0,306.28122236095476,0.59964211667559,0.0
synth_mouse_0573,Mouse,1,10.419841341518628,0.09690250597586535,0.05671137703815811,0.9611650485436893,0.0,288.5521580101488,0.6011446927799209,0.0
synth_mouse_0574,Mouse,1,19.638011994529535,0.051628896508023464,0.0289169675086093,1.0,0.0,574.696061468499,1.3450693146938038,0.0
synth_mouse_0575,Mouse,1,10.798010432565574,0.09348332904178465,0.048476445314311695,0.9905660377358491,0.0,333.98649386064653,0.40366394140432055,0.10091598535108014
synth_mouse_0576,Mouse,1,18.829958638497853,0.05346569135305705,0.026603770916319165,1.0,0.0,591.5773422619735,0.3791266839966011,0.12637556133220038
synth_mouse_0577,Mouse,1,18.5270375277443,0.05425776250460427,0.027939302983327124,1.0,0.0,545.6530547011797,0.7719598969893459,0.09649498712366823
synth_mouse_0578,Mouse,1,20.6645808751736,0.04914810545323814,0.026138103864279068,1.0,0.0,565.6823729603508,1.2716665153952982,0.0
synth_mouse_0579,Mouse,1,31.189969731018685,0.032157010703307044,0.017653933094135967,1.0,0.0,856.9128621260323,1.6659331013600485,0.0
synth_mouse_0580,Mouse,1,26.55753102881157,0.03795533549057882,0.020341768492690954,1.0,0.0,804.4753846222014,1.053870278921094,0.0
synth_mouse_0581,Mouse,1,31.539758024862376,0.03181648761434561,0.01628473567420138,1.0,0.0,923.9122990343593,1.4236696330667045,0.1095130486974388
synth_mouse_0582,Mouse,1,10.738680063129861,0.09533848832359454,0.052926396742941306,1.0,0.0,289.72714668088645,0.7492102369625485,0.0
synth_mouse_0583,Mouse,1,11.320357312220917,0.08924711919294577,0.04382545468159642,1.0,0.0,351.48683587093,0.23102770024940647,0.0
synth_mouse_0584,Mouse,1,13.673530798669622,0.0742767186437914,0.042065767503716794,0.984375,0.0,404.18943394622994,1.0518100614361248,0.21036201228722495
synth_mouse_0585,Mouse,1,23.035926136464383,0.04362016581932921,0.024025563501020496,1.0,0.0,671.9324730746279,1.10749644886848,0.110749644886848
synth_mouse_0586,Mouse,1,14.05422314282516,0.07201025503054904,0.03641349343213696,1.0,0.0,389.93909626993707,0.6692487210869124,0.0
synth_mouse_0587,Mouse,1,12.55538644054664,0.08081837123515591,0.039584517337933285,1.0,0.0,285.2241450156856,0.7278484893070516,0.0
synth_mouse_0588,Mouse,1,20.413008003338703,0.04940352622730774,0.027057897612835113,1.0,0.0,573.7757572753153,0.5146136471429925,0.17153788238099751
synth_mouse_0589,Mouse,1,21.35875649195393,0.04724483419580369,0.020856521344863512,1.0,0.0,627.6765392442626,0.38484245931448524,0.19242122965724262
synth_mouse_0590,Mouse,1,23.71529674432744,0.042455691190510854,0.02109465566488936,1.0,0.0,676.7032538157398,0.4839856478434171,0.16132854928113904
synth_mouse_0591,Mouse,1,20.40823348096448,0.04940478869718751,0.026153177529656412,1.0,0.0,577.4461226346748,1.0036836138179253,0.0
synth_mouse_0592,Mouse,1,15.167042685408342,0.06657882769329336,0.04172149723849373,1.0,0.0,446.14849896994417,1.17802273284725,0.0
synth_mouse_0593,Mouse,1,21.759939516510848,0.04643471852943295,0.01948232398795492,1.0,0.0,704.752641132084,0.6729878200982736,0.0
synth_mouse_0594,Mouse,1,13.297341399358235,0.07645638598973879,0.04851041835279956,1.0,0.0,374.9942314711593,0.8719568130726711,0.21798920326816779
synth_mouse_0595,Mouse,1,17.35057664238352,0.05802973214210004,0.031362800637611966,1.0,0.0,501.1031640497134,0.7081868017299395,0.0
synth_mouse_0596,Mouse,1,15.353848115565832,0.06608805002598832,0.03747521808214356,1.0,0.0,416.79186607861556,0.6675586137202535,0.22251953790675116
synth_mouse_0597,Mouse,1,29.151150710300925,0.034448097457690466,0.016863544400381895,1.0,0.0,820.376635229626,0.85379939318873,0.12197134188410429
synth_mouse_0598,Mouse,1,28.322655622132896,0.035442701101801755,0.01843082962962591,1.0,0.0,796.2542415350493,1.4053226072050673,0.0
synth_mouse_0599,Mouse,1,27.809015761457932,0.03609786705351293,0.019611100121528925,1.0,0.0,789.8784422374509,1.385123390417445,0.0
